,SP.POP.1564.MA.IN,GC.TAX.TOTL.GD.ZS,GC.REV.SOCL.CN,EN.HPT.THRD.NO,SE.PRM.DURS,SE.PRM.UNER,SE.PRM.PRS5.MA.ZS,SE.PRM.ENRR.FE,SE.PRE.ENRR.MA,IC.EXP.CSDC.CD,EN.ATM.CO2E.GF.KT,GC.XPN.COMP.ZS,GC.TAX.EXPT.ZS,GC.AST.TOTL.GD.ZS,SH.HIV.INCD,IS.AIR.GOOD.MT.K1,SI.POV.LMIC.GP,SP.POP.0004.FE.5Y,SP.DYN.CONM.ZS,TM.VAL.MRCH.R4.ZS,TM.TAX.TCOM.WM.FN.ZS,GC.XPN.TRFT.ZS,TM.TAX.MANF.WM.FN.ZS,ST.INT.RCPT.XP.ZS,SP.REG.BRTH.FE.ZS,SP.POP.7579.FE.5Y,SP.POP.5054.FE.5Y,VC.IHR.PSRC.P5,TX.VAL.MRCH.RS.ZS,TX.VAL.FOOD.ZS.UN,SL.WAG.0714.ZS,SL.UEM.BASC.MA.ZS,SL.TLF.INTM.ZS,SL.TLF.ADVN.FE.ZS,SL.TLF.0714.WK.FE.TM,SL.SLF.0714.MA.ZS,SL.EMP.WORK.MA.ZS,SL.EMP.MPYR.MA.ZS,SI.SPR.PC40.ZG,SI.POV.LMIC,SH.XPD.OOPC.PC.CD,SH.UHC.OOPC.25.TO,SH.SVR.WAST.FE.ZS,SH.STA.POIS.P5.MA,SH.STA.MALN.FE.ZS,SH.STA.AIRP.FE.P5,SH.MED.NUMW.P3,SH.HIV.1524.FE.ZS,SH.DYN.AIDS.ZS,SH.CON.1524.MA.ZS,SG.TIM.UWRK.FE,SE.XPD.CPRM.ZS,SE.TER.CUAT.BA.MA.ZS,SE.SEC.TCAQ.FE.ZS,SE.SEC.ENRL.GC.FE.ZS,SE.SEC.CMPT.LO.FE.ZS,SE.PRM.REPT.ZS,SE.PRM.NENR.MA,SE.PRM.CMPT.ZS,SE.COM.DURS,per_si_allsi.adq_pop_tot,per_lm_alllm.adq_pop_tot,NY.GSR.NFCY.KN,NY.GNP.MKTP.KN,NY.GDP.PCAP.KD.ZG,NY.GDP.FCST.KD,NY.ADJ.NNTY.PC.KD,NY.ADJ.DKAP.CD,NV.MNF.OTHR.ZS.UN,NV.IND.EMPL.KD,TX.VAL.MRCH.WR.ZS,TX.VAL.ICTG.ZS.UN,TM.VAL.MRCH.R6.ZS,TM.VAL.AGRI.ZS.UN,TM.TAX.MRCH.BR.ZS,ST.INT.TRNX.CD,SP.REG.BRTH.RU.ZS,SP.POP.80UP.FE.5Y,SP.POP.5559.FE.5Y,SP.POP.1564.TO,SP.POP.0014.FE.IN,SP.DYN.IMRT.FE.IN,SM.POP.REFG,SL.UEM.INTM.FE.ZS,SL.TLF.PART.MA.ZS,SL.TLF.ADVN.ZS,SL.TLF.0714.WK.MA.TM,SL.SRV.0714.FE.ZS,SL.FAM.0714.FE.ZS,SL.EMP.SELF.FE.ZS,SI.SPR.PCAP.ZG,SI.POV.MDIM,SH.XPD.PVTD.CH.ZS,SH.UHC.SRVS.CV.XD,SH.SVR.WAST.ZS,SH.STA.SMSS.UR.ZS,SH.STA.MALN.ZS,SH.STA.AIRP.P5,SH.MED.SAOP.P5,SH.HIV.ARTC.ZS,SH.DYN.MORT.FE,SH.DTH.1014,SG.VAW.1549.ZS,SE.XPD.CTER.ZS,SE.TER.CUAT.DO.FE.ZS,SE.SEC.TCAQ.LO.MA.ZS,SE.SEC.ENRL.TC.ZS,SE.SEC.CMPT.LO.ZS,SE.PRM.TCAQ.MA.ZS,SE.PRM.NINT.MA.ZS,SE.PRM.CUAT.MA.ZS,SE.ENR.PRSC.FM.ZS,per_si_allsi.cov_pop_tot,per_lm_alllm.cov_pop_tot,NY.TAX.NIND.CN,NY.GNP.MKTP.PP.KD,NY.GDP.PCAP.PP.CD,NY.GDP.FRST.RT.ZS,NY.ADJ.SVNG.CD,NY.ADJ.DMIN.CD,NV.MNF.TXTL.ZS.UN,NV.IND.MANF.CN,NE.RSB.GNFS.CD,NE.GDI.FTOT.ZS,NE.DAB.TOTL.KD,LP.LPI.LOGS.XQ,IS.SHP.GCNW.XQ,IQ.SCI.MTHD,IQ.CPA.FINS.XQ,IE.PPN.WATR.CD,IC.TAX.GIFT.ZS,IC.IMP.TMDC,IC.FRM.CORR.ZS,IC.CRD.INFO.XQ,FX.OWN.TOTL.SO.ZS,FP.WPI.TOTL,FI.RES.TOTL.CD,ER.H2O.FWST.ZS,EN.POP.EL5M.UR.ZS,EN.ATM.PM25.MC.ZS,EN.ATM.METH.AG.ZS,EN.ATM.CO2E.GF.ZS,EG.ELC.PETR.ZS,DT.TDS.DPPG.XP.ZS,DT.ODA.OATL.CD,DT.NFL.UNAI.CD,DT.NFL.IMFN.CD,DT.DOD.DSTC.XP.ZS,DC.DAC.SWEL.CD,DC.DAC.GBRL.CD,CM.MKT.LDOM.NO,BX.GSR.MRCH.CD,BN.GSR.GNFS.CD,BM.GSR.GNFS.CD,AG.LND.FRST.ZS,AG.AGR.TRAC.NO,VC.IDP.NWDS,TX.VAL.MRCH.R3.ZS,TX.MNF.TECH.ZS.UN,TM.VAL.MRCH.OR.ZS,TM.TAX.TCOM.SM.AR.ZS,TM.TAX.MANF.SM.AR.ZS,SP.UWT.TFRT,SP.POP.TOTL.FE.IN,SP.POP.65UP.TO,SP.POP.4044.FE.5Y,SP.POP.1519.FE.5Y,SP.HOU.FEMA.ZS,SP.DYN.AMRT.FE,SL.UEM.TOTL.NE.ZS,SL.UEM.ADVN.FE.ZS,SL.TLF.CACT.NE.ZS,SL.TLF.ACTI.1524.ZS,SL.TLF.0714.SW.MA.TM,SL.MNF.0714.FE.ZS,SL.EMP.VULN.FE.ZS,SL.EMP.1524.SP.MA.ZS,SI.POV.UMIC.GP,SI.DST.FRST.20,SH.XPD.GHED.GE.ZS,SH.UHC.NOP2.ZG,SH.STA.WASH.P5,SH.STA.OWGH.ME.ZS,SH.STA.FGMS.ZS,SH.PRV.SMOK.MA,SH.IMM.IDPT,SH.H2O.SMDW.RU.ZS,SH.DYN.1014,SH.ANM.ALLW.ZS,SG.DMK.ALLD.FN.ZS,SE.TER.ENRR,SE.SEC.UNER.LO.FE.ZS,SE.SEC.PRIV.ZS,SE.SEC.DURS,SE.PRM.UNER.MA,SE.PRM.PRSL.MA.ZS,SE.PRM.GINT.MA.ZS,SE.PRE.TCAQ.ZS,SE.ADT.1524.LT.ZS,per_sa_allsa.cov_q2_tot,PA.NUS.PRVT.PP,NY.GNS.ICTR.GN.ZS,NY.GNP.MKTP.CN,NY.GDP.NGAS.RT.ZS,NY.GDP.DISC.CN,NY.ADJ.NNTY.CD,NY.ADJ.DCO2.CD,NV.IND.TOTL.ZS,NV.AGR.TOTL.KN,NE.IMP.GNFS.CD,NE.GDI.FPRV.ZS,NE.CON.TOTL.KD.ZG,NE.CON.GOVT.KN,VC.IDP.NWCV,TX.VAL.MRCH.R2.ZS,TT.PRI.MRCH.XD.WD,TM.VAL.MRCH.HI.ZS,TM.TAX.TCOM.IP.ZS,TM.TAX.MANF.IP.ZS,SP.URB.TOTL.IN.ZS,SP.POP.TOTL,SP.POP.65UP.MA.ZS,SP.POP.3539.MA.5Y,SP.POP.1014.MA.5Y,SP.DYN.WFRT,SP.ADO.TFRT,SL.UEM.TOTL.MA.ZS,SL.UEM.1524.ZS,SL.TLF.CACT.MA.ZS,SL.TLF.ACTI.1524.NE.ZS,SL.TLF.0714.SW.FE.ZS,SL.IND.EMPL.ZS,SL.EMP.TOTL.SP.ZS,SL.EMP.1524.SP.MA.NE.ZS,SI.POV.UMIC,SI.DST.FRST.10,SH.XPD.GHED.GD.ZS,SH.UHC.NOP2.TO,SH.STA.TRAF.P5,SH.STA.OWGH.MA.ZS,SH.STA.DIAB.ZS,SH.PRV.SMOK.FE,SH.IMM.HEPB,SH.H2O.BASW.ZS,SH.DYN.0509,SH.ALC.PCAP.MA.LI,SE.XPD.TOTL.GD.ZS,SE.TER.ENRL.TC.ZS,SE.SEC.TCHR.FE.ZS,SE.SEC.NENR.MA,SE.SEC.CUAT.UP.ZS,SE.PRM.UNER.FE.ZS,SE.PRM.PRSL.FE.ZS,SE.PRM.GINT.FE.ZS,SE.PRE.TCAQ.MA.ZS,SE.ADT.1524.LT.MA.ZS,per_sa_allsa.cov_q1_tot,PA.NUS.PPPC.RF,NY.GNS.ICTR.CN,NY.GNP.MKTP.CD,NY.GDP.MKTP.PP.KD,NY.GDP.DEFL.ZS.AD,NY.ADJ.NNAT.GN.ZS,NY.ADJ.AEDU.GN.ZS,NV.IND.TOTL.KN,NV.AGR.TOTL.KD.ZG,NE.GDI.TOTL.ZS,NE.GDI.FPRV.CN,NE.CON.TOTL.KD,NE.CON.GOVT.KD.ZG,LP.LPI.ITRN.XQ,IS.RRS.TOTL.KM,NE.GDI.TOTL.KD,NE.EXP.GNFS.KD.ZG,NE.CON.PRVT.ZS,NE.CON.GOVT.CD,LP.IMP.DURS.MD,IS.AIR.PSGR,IQ.CPA.SOCI.XQ,IQ.CPA.DEBT.XQ,IE.PPI.WATR.CD,IC.REG.PROC,IC.GOV.DURS.ZS,IC.FRM.BKWC.ZS,IC.BUS.DISC.XQ,GC.XPN.OTHR.ZS,GC.TAX.INTT.RV.ZS,GC.NLD.TOTL.CN,FX.OWN.TOTL.FE.ZS,FM.LBL.BMNY.IR.ZS,FB.CBK.BRWR.P3,ER.GDP.FWTL.M3.KD,EN.ATM.PM25.MC.M3,EN.ATM.GHGT.KT.CE,EG.USE.ELEC.KH.PC,EG.ELC.HYRO.ZS,DT.TDS.DIMF.CD,DT.NFL.WFPG.CD,DT.NFL.PROP.CD,DT.NFL.IAEA.CD,DT.DOD.DPNG.CD,DC.DAC.POLL.CD,DC.DAC.DNKL.CD,BX.TRF.PWKR.DT.GD.ZS,BX.GSR.CMCP.ZS,BN.CAB.XOKA.CD,AG.YLD.CREL.KG,AG.LND.EL5M.UR.K2,TX.VAL.OTHR.ZS.WT,TX.VAL.MANF.ZS.UN,TM.VAL.MRCH.WL.CD,TM.VAL.FUEL.ZS.UN,TM.TAX.MRCH.SM.AR.ZS,ST.INT.TVLX.CD,SP.REG.BRTH.ZS,SP.POP.BRTH.MF,SP.POP.6064.FE.5Y,SP.POP.2024.FE.5Y,SP.POP.0014.MA.IN,SP.DYN.IMRT.MA.IN,SM.POP.TOTL,SL.UEM.INTM.ZS,SL.TLF.TOTL.FE.ZS,SL.TLF.BASC.MA.ZS,SL.TLF.0714.WK.TM,SL.SRV.0714.ZS,SL.FAM.0714.ZS,SL.EMP.SELF.ZS,SL.AGR.0714.MA.ZS,SI.POV.MDIM.17.XQ,SH.XPD.PVTD.PP.CD,SH.XPD.CHEX.GD.ZS,SH.TBS.DTEC.ZS,SH.STA.STNT.FE.ZS,SH.STA.MMRT.NE,SH.STA.ARIC.ZS,SH.MLR.NETS.ZS,SH.HIV.INCD.14,SH.DYN.NCOM.FE.ZS,SH.DTH.2024,SG.VAW.BURN.ZS,SE.XPD.PRIM.PC.ZS,SE.TER.CUAT.DO.ZS,SE.SEC.TCAQ.MA.ZS,SE.SEC.ENRL.VO,SE.SEC.CUAT.LO.MA.ZS,SE.PRM.TCHR,SE.PRM.OENR.FE.ZS,SE.ENR.TERT.FM.ZS,per_si_allsi.cov_q2_tot,per_lm_alllm.cov_q2_tot,NY.TRF.NCTR.CD,NY.GNP.PCAP.CN,NY.GDP.PETR.RT.ZS,NY.GDP.MKTP.CD,NY.ADJ.SVNX.CD,NY.ADJ.DNGY.CD,NV.SRV.TOTL.CD,NV.IND.MANF.KD.ZG,NE.RSB.GNFS.KN,NE.GDI.STKB.CN,NE.DAB.TOTL.ZS,NE.CON.PRVT.PC.KD,MS.MIL.XPND.CN,IT.NET.SECR,TX.VAL.TRVL.ZS.WT,TX.VAL.MRCH.OR.ZS,TM.VAL.TRAN.ZS.WT,TM.VAL.MRCH.AL.ZS,TM.TAX.TCOM.BC.ZS,TM.TAX.MANF.BC.ZS,SP.URB.GROW,SP.POP.SCIE.RD.P6,SP.POP.65UP.FE.ZS,SP.POP.3034.MA.5Y,SP.POP.0509.MA.5Y,SP.DYN.TO65.FE.ZS,SN.ITK.SVFI.ZS,SL.UEM.TOTL.FE.ZS,SL.UEM.1524.MA.ZS,SL.TLF.CACT.FM.ZS,SL.TLF.ACTI.1524.MA.NE.ZS,SL.TLF.0714.MA.ZS,SL.IND.EMPL.FE.ZS,SL.EMP.TOTL.SP.MA.ZS,SL.EMP.1524.SP.FE.NE.ZS,SI.POV.MDIM.XQ,SI.DST.10TH.10,SH.XPD.EHEX.PP.CD,SH.UHC.NOP1.ZS,SH.STA.SUIC.MA.P5,SH.STA.ORTH,SH.STA.BRTC.ZS,SH.PRG.ANEM,SH.HIV.INCD.ZS,SH.H2O.BASW.RU.ZS,SH.DTH.NCOM.ZS,SH.ALC.PCAP.FE.LI,SE.XPD.TERT.ZS,SE.TER.CUAT.ST.MA.ZS,SE.SEC.TCHR,SE.SEC.NENR,SE.SEC.CUAT.UP.FE.ZS,SE.ADT.1524.LT.FE.ZS,per_sa_allsa.ben_q1_tot,PA.NUS.FCRF,NY.GNP.PCAP.PP.KD,NY.GDY.TOTL.KN,NY.GDP.MKTP.KN,NY.GDP.DEFL.KD.ZG.AD,NY.ADJ.ICTR.GN.ZS,NV.SRV.TOTL.ZS,NV.IND.TOTL.KD,NV.AGR.TOTL.CN,NE.GDI.TOTL.KD.ZG,NE.EXP.GNFS.KN,NE.CON.TOTL.CD,NE.CON.GOVT.CN,LP.LPI.CUST.XQ,IS.RRS.GOOD.MT.K6,IQ.CPA.STRC.XQ,IQ.CPA.ECON.XQ,IQ.SPI.PIL4,IQ.CPA.PROP.XQ,IP.TMK.RESD,IC.WRH.PROC,IC.REG.COST.PC.ZS,IC.FRM.OUTG.ZS,IC.EXP.CSBC.CD,HD.HCI.OVRL.UB,GC.XPN.INTP.CN,GC.TAX.GSRV.VA.ZS,GC.LBL.TOTL.CN,FS.AST.DOMS.GD.ZS,FM.AST.PRVT.GD.ZS,FB.AST.NPER.ZS,EP.PMP.SGAS.CD,EN.CO2.MANF.ZS,EN.ATM.NOXE.EG.ZS,EN.ATM.CO2E.SF.KT,EG.USE.COMM.CL.ZS,EG.ELC.ACCS.UR.ZS,DT.ODA.ODAT.XP.ZS,DT.NFL.UNPB.CD,DT.NFL.PCBK.CD,DT.NFL.BLAT.CD,DT.DOD.DECT.CD,DC.DAC.LUXL.CD,DC.DAC.CECL.CD,BX.PEF.TOTL.CD.WD,BX.GRT.EXTA.CD.WD,BM.KLT.DINV.CD.WD,AG.PRD.CROP.XD,AG.LND.CREL.HA,IQ.SPI.PIL5,IQ.CPA.PROT.XQ,IP.TMK.RSCT,IE.PPI.ENGY.CD,IC.REG.DURS,IC.FRM.RSDV.ZS,HD.HCI.OVRL.UB.FE,GC.XPN.INTP.RV.ZS,GC.TAX.IMPT.CN,GC.LBL.TOTL.GD.ZS,FS.AST.PRVT.GD.ZS,FM.AST.PRVT.ZG.M3,FB.ATM.TOTL.P5,ER.FSH.AQUA.MT,EN.CO2.OTHX.ZS,EN.ATM.NOXE.KT.CE,EN.ATM.CO2E.SF.ZS,EG.USE.COMM.FO.ZS,EG.ELC.ACCS.ZS,DT.TDS.DECT.CD,DT.NFL.UNRW.CD,DT.NFL.PCBO.CD,DT.NFL.BOND.CD,DT.DOD.DECT.GN.ZS,DC.DAC.NLDL.CD,DC.DAC.CHEL.CD,BX.TRF.CURR.CD,BX.GRT.TECH.CD.WD,BM.KLT.DINV.WD.GD.ZS,AG.PRD.FOOD.XD,AG.LND.CROP.ZS,TX.VAL.TRAN.ZS.WT,TX.VAL.MRCH.HI.ZS,TM.VAL.SERV.CD.WT,TM.VAL.MMTL.ZS.UN,TM.TAX.MRCH.WM.FN.ZS,TM.QTY.MRCH.XD.WD,SP.RUR.TOTL.ZS,SP.POP.GROW,SP.POP.65UP.FE.IN,SP.POP.3034.FE.5Y,SP.POP.0509.FE.5Y,SP.DYN.TFRT.IN,SN.ITK.SALT.ZS,SL.UEM.TOTL.FE.NE.ZS,SL.UEM.1524.MA.NE.ZS,SL.TLF.CACT.FM.NE.ZS,SL.TLF.ACTI.1524.FE.ZS,SL.TLF.0714.FE.ZS,SL.GDP.PCAP.EM.KD,SL.EMP.TOTL.SP.MA.NE.ZS,SL.AGR.EMPL.ZS,SI.POV.MDIM.MA,SI.DST.05TH.20,SH.XPD.EHEX.PC.CD,SH.UHC.NOP1.ZG,SH.STA.SUIC.FE.P5,SH.STA.ORCF.ZS,SH.STA.BFED.ZS,SH.MMR.RISK.ZS,SH.HIV.INCD.YG.P3,SH.FPL.SATM.ZS,SH.DTH.MORT,SG.VAW.REFU.ZS,SE.XPD.TERT.PC.ZS,SE.TER.CUAT.ST.FE.ZS,SE.SEC.TCAQ.ZS,SE.SEC.ENRR.MA,SE.SEC.CUAT.PO.ZS,SE.PRM.TENR.MA,SE.PRM.PRS5.FE.ZS,SE.PRM.ENRR,SE.PRE.ENRR.FE,PX.REX.REER,per_sa_allsa.adq_pop_tot,PA.NUS.ATLS,NY.GNP.PCAP.PP.CD,NY.GDS.TOTL.ZS,NY.GDP.MKTP.KD.ZG,NY.GDP.DEFL.KD.ZG,NY.ADJ.DRES.GN.ZS,NV.SRV.TOTL.KN,NV.IND.TOTL.CN,NV.AGR.TOTL.CD,TX.VAL.TECH.CD,TX.VAL.MRCH.AL.ZS,TM.VAL.MRCH.XD.WD,TM.VAL.INSF.ZS.WT,TM.TAX.MRCH.SR.ZS,ST.INT.XPND.MP.ZS,SP.RUR.TOTL,SP.POP.DPND.OL,SP.POP.6569.FE.5Y,SP.POP.2529.FE.5Y,SP.POP.0014.TO,SP.DYN.LE00.IN,SN.ITK.DEFC.ZS,SL.UEM.NEET.MA.ZS,SL.UEM.1524.FE.NE.ZS,SL.TLF.CACT.FE.NE.ZS,SL.TLF.0714.ZS,SL.SRV.EMPL.MA.ZS,SL.FAM.WORK.MA.ZS,SL.EMP.TOTL.SP.FE.NE.ZS,SL.AGR.EMPL.FE.ZS,SI.POV.MDIM.HH,SI.DST.03RD.20,SH.XPD.CHEX.PP.CD,SH.UHC.NOP1.CG,SH.STA.STNT.ME.ZS,SH.STA.ODFC.UR.ZS,SH.STA.BASS.UR.ZS,SH.MMR.DTHS,SH.HIV.INCD.TL.P3,SH.DYN.NCOM.ZS,SH.DTH.IMRT,SG.VAW.NEGL.ZS,SE.XPD.SECO.PC.ZS,SE.TER.CUAT.MS.MA.ZS,SE.SEC.TCAQ.UP.MA.ZS,SE.SEC.ENRR,SE.SEC.CUAT.PO.FE.ZS,SE.PRM.TENR,SE.PRM.OENR.ZS,SE.PRM.ENRL.FE.ZS,SE.PRE.ENRL.TC.ZS,per_si_allsi.cov_q4_tot,per_lm_alllm.cov_q4_tot,NY.TRF.NCTR.KN,NY.GNP.PCAP.KD.ZG,NY.GDS.TOTL.CD,NY.GDP.MKTP.CN.AD,NY.EXP.CAPM.KN,NY.ADJ.DPEM.CD,NV.SRV.TOTL.KD,NV.IND.MANF.ZS,NE.TRD.GNFS.ZS,NE.GDI.TOTL.CD,NE.EXP.GNFS.CN,NE.CON.PRVT.PP.CD,MS.MIL.XPND.ZS,NE.CON.PRVT.KD.ZG,MS.MIL.TOTL.TF.ZS,IT.NET.BBND,IQ.SPI.PIL2,IQ.CPA.PADM.XQ,IP.TMK.NRCT,IC.TAX.TOTL.CP.ZS,IC.REG.COST.PC.FE.ZS,IC.FRM.INFM.ZS,IC.ELC.OUTG.ZS,HD.HCI.OVRL.LB.MA,GC.XPN.GSRV.CN,GC.TAX.GSRV.CN,GC.DOD.TOTL.CN,FS.AST.CGOV.GD.ZS,FM.AST.DOMS.CN,ER.MRN.PTMR.ZS,EN.URB.MCTY.TL.ZS,EN.CO2.BLDG.ZS,EN.ATM.NOXE.AG.ZS,EN.ATM.CO2E.PP.GD,EG.GDP.PUSE.KO.PP.KD,EG.EGY.PRIM.PP.KD,DT.ODA.ODAT.MP.ZS,DT.NFL.UNFP.CD,DT.NFL.OFFT.CD,DT.DOD.PVLX.EX.ZS,DC.ODA.TOTL.GN.ZS,DC.DAC.JPNL.CD,DC.DAC.BELL.CD,BX.KLT.DINV.CD.WD,BN.TRF.CURR.CD,BM.GSR.TRAN.ZS,AG.LND.TRAC.ZS,AG.LND.ARBL.HA.PC,IQ.SPI.PIL3,IQ.CPA.PRES.XQ,IP.TMK.NRES,IC.WRH.DURS,IC.REG.COST.PC.MA.ZS,IC.FRM.METG.ZS,IC.ELC.TIME,HD.HCI.OVRL.MA,GC.XPN.GSRV.ZS,GC.TAX.GSRV.RV.ZS,GC.DOD.TOTL.GD.ZS,FS.AST.DOMO.GD.ZS,FM.AST.NFRG.CN,ER.PTD.TOTL.ZS,EP.PMP.DESL.CD,EN.CO2.ETOT.ZS,EN.ATM.NOXE.EG.KT.CE,EN.ATM.CO2E.PP.GD.KD,EG.IMP.CONS.ZS,EG.ELC.ACCS.RU.ZS,DT.ODA.ODAT.PC.ZS,DT.NFL.UNID.CD,DT.NFL.PBND.CD,DT.DOD.PVLX.GN.ZS,DC.ODA.TOTL.KD,DC.DAC.KORL.CD,DC.DAC.CANL.CD,BX.KLT.DINV.WD.GD.ZS,BN.TRF.KOGT.CD,BM.GSR.TRVL.ZS,AG.PRD.CREL.MT,AG.LND.ARBL.ZS,NE.CON.GOVT.KD,LP.LPI.INFR.XQ,IS.RRS.PASG.KM,IQ.CPA.TRAD.XQ,IQ.CPA.ENVR.XQ,IE.PPN.ICTI.CD,IC.REG.PROC.MA,IC.IMP.CSDC.CD,IC.FRM.BRIB.ZS,IC.BUS.NDNS.ZS,GC.XPN.TOTL.GD.ZS,GC.TAX.OTHR.RV.ZS,GC.REV.GOTR.CN,FX.OWN.TOTL.OL.ZS,FP.CPI.TOTL,FD.AST.PRVT.GD.ZS,ER.H2O.FWDM.ZS,EN.POP.DNST,EN.ATM.PM25.MC.T2.ZS,EN.ATM.HFCG.KT.CE,EN.ATM.CO2E.EG.ZS,EG.ELC.NGAS.ZS,DT.TDS.DPPG.CD,DT.ODA.ALLD.CD,DT.NFL.RDBC.CD,DT.NFL.ILOG.CD,DT.DOD.DSTC.CD,DC.DAC.SVKL.CD,DC.DAC.FINL.CD,CM.MKT.LCAP.CD,BX.GSR.GNFS.CD,BN.FIN.TOTL.CD,BM.GSR.CMCP.ZS,AG.LND.EL5M.ZS,TX.VAL.TECH.MF.ZS,TX.VAL.MRCH.CD.WT,TM.VAL.OTHR.ZS.WT,TM.VAL.MANF.ZS.UN,TM.TAX.MRCH.WM.AR.ZS,TG.VAL.TOTL.GD.ZS,SP.RUR.TOTL.ZG,SP.POP.DPND.YG,SP.POP.6569.MA.5Y,SP.POP.2529.MA.5Y,SP.POP.0014.TO.ZS,SP.DYN.LE00.MA.IN,SN.ITK.MSFI.ZS,SL.UEM.NEET.ZS,SL.UEM.1524.FE.ZS,SL.TLF.CACT.FE.ZS,SL.TLF.ACTI.1524.FE.NE.ZS,SL.SRV.EMPL.ZS,SL.FAM.WORK.ZS,SL.EMP.TOTL.SP.FE.ZS,SL.AGR.EMPL.MA.ZS,SI.POV.MDIM.IT,SI.DST.04TH.20,SH.XPD.EHEX.CH.ZS,SH.UHC.NOP1.TO,SH.STA.STNT.ZS,SH.STA.ODFC.ZS,SH.STA.BASS.ZS,SH.MMR.RISK,SH.HIV.INCD.YG,SH.DYN.NMRT,SH.DTH.INJR.ZS,SG.VAW.REAS.ZS,SE.XPD.SECO.ZS,SE.TER.CUAT.MS.ZS,SE.SEC.TCAQ.UP.ZS,SE.SEC.ENRR.FE,SE.SEC.CUAT.PO.MA.ZS,SE.PRM.TENR.FE,SE.PRM.PRIV.ZS,SE.PRM.ENRL.TC.ZS,SE.PRE.ENRR,per_si_allsi.cov_q5_tot,per_lm_alllm.cov_q5_tot,NY.TTF.GNFS.KN,NY.GNP.PCAP.KN,NY.GDS.TOTL.CN,NY.GDP.MKTP.KD,NY.GDP.COAL.RT.ZS,NY.ADJ.DPEM.GN.ZS,NV.SRV.TOTL.KD.ZG,NV.IND.TOTL.CD,NV.AGR.EMPL.KD,NE.GDI.TOTL.CN,NE.EXP.GNFS.KD,NE.CON.PRVT.PP.KD,MS.MIL.XPRT.KD,LP.EXP.DURS.MD,VC.IHR.PSRC.FE.P5,TX.VAL.MRCH.R5.ZS,TX.UVI.MRCH.XD.WD,TM.VAL.MRCH.R2.ZS,TM.TAX.TCOM.SR.ZS,TM.TAX.MANF.SR.ZS,ST.INT.DPRT,SP.POP.TOTL.MA.IN,SP.POP.7074.FE.5Y,SP.POP.4549.FE.5Y,SP.POP.1564.FE.IN,SP.M18.2024.FE.ZS,SP.DYN.CBRT.IN,SL.WAG.0714.FE.ZS,SL.UEM.ADVN.ZS,SL.TLF.INTM.FE.ZS,SL.TLF.ACTI.MA.ZS,SL.TLF.0714.SW.TM,SL.MNF.0714.ZS,SL.EMP.VULN.ZS,SL.EMP.1524.SP.ZS,SI.RMT.COST.OB.ZS,SI.POV.GAPS,SH.XPD.GHED.PP.CD,SH.UHC.OOPC.10.TO,SH.STA.WAST.MA.ZS,SH.STA.POIS.P5,SH.STA.HYGN.UR.ZS,SH.SGR.IRSK.ZS,SH.MED.BEDS.ZS,SH.H2O.SMDW.ZS,SH.DYN.2024,SH.ANM.NPRG.ZS,SG.GEN.PARL.ZS,SE.TER.ENRR.MA,SE.SEC.UNER.LO.ZS,SE.SEC.PROG.MA.ZS,SE.SEC.ENRL.FE.ZS,SE.PRM.UNER.ZS,SE.PRM.REPT.FE.ZS,SE.PRM.NENR,SE.PRM.CMPT.FE.ZS,SE.ADT.LITR.MA.ZS,per_sa_allsa.cov_q4_tot,per_allsp.ben_q1_tot,NY.GSR.NFCY.CD,NY.GNP.MKTP.KD,NY.GDP.PCAP.CN,NY.GDP.FCST.CD,NY.ADJ.NNTY.KD.ZG,NY.ADJ.DFOR.CD,NV.MNF.FBTO.ZS.UN,NV.FSM.TOTL.CN,NE.IMP.GNFS.KD,NE.GDI.FTOT.CN,NE.CON.TOTL.ZS,NE.CON.PRVT.CD,LP.LPI.TIME.XQ,IQ.CPA.TRAN.XQ,IQ.CPA.FINQ.XQ,IE.PPN.TRAN.CD,IC.TAX.DURS,IC.IMP.TMBC,IC.FRM.CMPU.ZS,IC.BUS.NREG,GC.XPN.TRFT.CN,GC.TAX.TOTL.CN,GC.REV.GOTR.ZS,FX.OWN.TOTL.PL.ZS,FP.CPI.TOTL.ZG,FD.RES.LIQU.AS.ZS,ER.H2O.FWIN.ZS,EN.POP.EL5M.RU.ZS,EN.ATM.PM25.MC.T3.ZS,EN.ATM.METH.AG.KT.CE,EG.ELC.NUCL.ZS,DT.TDS.DPPG.GN.ZS,DT.ODA.ALLD.KD,DT.NFL.RDBN.CD,DT.NFL.IMFC.CD,DT.DOD.DSTC.IR.ZS,DC.DAC.SVNL.CD,DC.DAC.FRAL.CD,CM.MKT.LCAP.GD.ZS,BX.GSR.INSF.ZS,BN.GSR.FCTY.CD,BM.GSR.FCTY.CD,AG.LND.FRST.K2,NE.GDI.FTOT.CD,NE.CON.TOTL.KN,NE.CON.GOVT.ZS,LP.LPI.OVRL.XQ,IS.SHP.GOOD.TU,IQ.SCI.OVRL,IQ.CPA.FISP.XQ,IP.IDS.NRCT,IC.TAX.LABR.CP.ZS,IC.ISV.DURS,IC.FRM.CRIM.ZS,IC.CRD.PRVT.ZS,GF.XPD.BUDG.ZS,GC.TAX.YPKG.CN,GC.REV.SOCL.ZS,FX.OWN.TOTL.YG.ZS,FR.INR.DPST,FI.RES.TOTL.DT.ZS,ER.H2O.FWTL.K3,EN.POP.EL5M.ZS,EN.ATM.SF6G.KT.CE,EN.ATM.METH.EG.KT.CE,EN.ATM.CO2E.KD.GD,EG.ELC.RNEW.ZS,DT.TDS.MLAT.CD,DT.ODA.OATL.KD,DT.NFL.UNCF.CD,DT.NFL.MIBR.CD,DT.DOD.DSTC.ZS,DC.DAC.TOTL.CD,DC.DAC.GRCL.CD,CM.MKT.TRAD.CD,BX.GSR.NFSV.CD,BN.GSR.MRCH.CD,BM.GSR.INSF.ZS,AG.LND.IRIG.AG.ZS,AG.CON.FERT.PT.ZS,IT.CEL.SETS,IQ.SCI.PRDC,IQ.CPA.GNDR.XQ,IP.IDS.RSCT,IC.TAX.METG,IC.LGL.CRED.XQ,IC.FRM.DURS,IC.CRD.PUBL.ZS,HD.HCI.OVRL,GC.TAX.YPKG.RV.ZS,GC.REV.XGRT.CN,FX.OWN.TOTL.ZS,FR.INR.LEND,FI.RES.TOTL.MO,ER.H2O.FWTL.ZS,EN.POP.SLUM.UR.ZS,EN.BIR.THRD.NO,EN.ATM.METH.EG.ZS,EN.ATM.CO2E.KT,EG.ELC.RNWX.KH,DT.TDS.MLAT.PG.ZS,DT.ODA.ODAT.CD,DT.NFL.UNCR.CD,DT.NFL.MIDA.CD,DT.DOD.MIBR.CD,DC.DAC.USAL.CD,DC.DAC.HUNL.CD,CM.MKT.TRAD.GD.ZS,BX.GSR.ROYL.CD,BN.KAC.EOMS.CD,BM.GSR.MRCH.CD,AG.LND.PRCP.MM,AG.CON.FERT.ZS,VC.IHR.PSRC.MA.P5,TX.VAL.MRCH.R6.ZS,TX.VAL.AGRI.ZS.UN,TM.VAL.MRCH.R3.ZS,TM.TAX.TCOM.WM.AR.ZS,TM.TAX.MANF.WM.AR.ZS,ST.INT.RCPT.CD,SP.POP.TOTL.MA.ZS,SP.POP.7074.MA.5Y,SP.POP.4549.MA.5Y,SP.POP.1564.FE.ZS,SP.MTR.1519.ZS,SP.DYN.CDRT.IN,SL.WAG.0714.MA.ZS,SL.UEM.BASC.FE.ZS,SL.TLF.INTM.MA.ZS,SL.TLF.ACTI.ZS,SL.TLF.0714.SW.ZS,SL.SLF.0714.FE.ZS,SL.EMP.WORK.FE.ZS,SL.EMP.MPYR.FE.ZS,SI.SPR.PC40,SI.POV.GINI,SH.XPD.OOPC.CH.ZS,SH.UHC.OOPC.10.ZS,SH.STA.WAST.ZS,SH.STA.POIS.P5.FE,SH.STA.HYGN.ZS,SH.SGR.PROC.P5,SH.MED.CMHW.P3,SH.HIV.0014,SH.DYN.AIDS.FE.ZS,SH.CON.1524.FE.ZS,SG.LAW.INDX,SE.TER.TCHR.FE.ZS,SE.TER.CUAT.BA.FE.ZS,SE.SEC.PROG.ZS,SE.SEC.ENRL.GC,SE.SEC.AGES,SE.PRM.REPT.MA.ZS,SE.PRM.NENR.FE,SE.PRM.CMPT.MA.ZS,SE.ADT.LITR.ZS,per_sa_allsa.cov_q5_tot,per_allsp.cov_pop_tot,NY.GSR.NFCY.CN,NY.GNP.MKTP.KD.ZG,NY.GDP.PCAP.KD,NY.GDP.FCST.CN,NY.ADJ.NNTY.PC.CD,NY.ADJ.DFOR.GN.ZS,NV.MNF.MTRN.ZS.UN,NV.FSM.TOTL.KN,NE.IMP.GNFS.KD.ZG,NE.GDI.FTOT.KD,NE.DAB.DEFL.ZS,NE.CON.PRVT.CN,VC.IDP.TOCV,TX.VAL.MRCH.R4.ZS,TX.QTY.MRCH.XD.WD,TM.VAL.MRCH.R1.ZS,TM.TAX.TCOM.SM.FN.ZS,TM.TAX.MANF.SM.FN.ZS,ST.INT.ARVL,SP.POP.TOTL.FE.ZS,SP.POP.65UP.TO.ZS,SP.POP.4044.MA.5Y,SP.POP.1519.MA.5Y,SP.M15.2024.FE.ZS,SP.DYN.AMRT.MA,SL.UEM.TOTL.ZS,SL.UEM.ADVN.MA.ZS,SL.TLF.CACT.ZS,SL.TLF.ACTI.FE.ZS,SL.TLF.0714.SW.MA.ZS,SL.MNF.0714.MA.ZS,SL.EMP.VULN.MA.ZS,SL.EMP.1524.SP.NE.ZS,SI.RMT.COST.IB.ZS,SI.POV.DDAY,SH.XPD.GHED.PC.CD,SH.UHC.NOP2.ZS,SH.STA.WAST.FE.ZS,SH.STA.OWGH.ZS,SH.STA.HYGN.RU.ZS,SH.SGR.CRSK.ZS,SH.IMM.MEAS,SH.H2O.SMDW.UR.ZS,SH.DYN.1519,SH.ANM.CHLD.ZS,SG.DMK.SRCR.FN.ZS,SE.TER.ENRR.FE,SE.SEC.UNER.LO.MA.ZS,SE.SEC.PROG.FE.ZS,SE.SEC.ENRL,SE.PRM.UNER.MA.ZS,SE.PRM.PRSL.ZS,SE.PRM.GINT.ZS,SE.PRM.AGES,SE.ADT.LITR.FE.ZS,per_sa_allsa.cov_q3_tot,per_allsp.adq_pop_tot,NY.GNS.ICTR.ZS,NY.GNP.MKTP.CN.AD,NY.GDP.PCAP.CD,NY.GDP.DISC.KN,NY.ADJ.NNTY.KD,NY.ADJ.DCO2.GN.ZS,NV.MNF.CHEM.ZS.UN,NV.AGR.TOTL.ZS,NE.IMP.GNFS.CN,NE.IMP.GNFS.KN,NE.GDI.FTOT.KD.ZG,NE.DAB.TOTL.CD,NE.CON.PRVT.CN.AD,MS.MIL.MPRT.KD,IT.MLT.MAIN,IQ.SPI.OVRL,IQ.CPA.IRAI.XQ,IP.PAT.NRES,IC.TAX.PAYM,IC.PRP.DURS,IC.FRM.FEMO.ZS,IC.ELC.DURS,HD.HCI.OVRL.LB,GC.XPN.COMP.CN,GC.TAX.EXPT.CN,GC.AST.TOTL.CN,FR.INR.RINR,FM.AST.CGOV.ZG.M3,ER.H2O.INTR.PC,EN.URB.LCTY.UR.ZS,EN.CLC.GHGR.MT.CE,EN.ATM.METH.ZG,EN.ATM.CO2E.LF.ZS,EG.FEC.RNEW.ZS,EG.CFT.ACCS.UR.ZS,DT.ODA.ODAT.GN.ZS,DT.NFL.UNEC.CD,DT.NFL.MOTH.CD,DT.DOD.MWBG.CD,DC.ODA.TLDC.GN.ZS,DC.DAC.ISLL.CD,DC.DAC.AUSL.CD,BX.GSR.TRAN.ZS,BN.KLT.PTXL.CD,BM.GSR.ROYL.CD,AG.LND.TOTL.RU.K2,AG.LND.AGRI.ZS,LP.LPI.TRAC.XQ,IT.CEL.SETS.P2,IQ.SCI.SRCE,IQ.CPA.HRES.XQ,IP.JRN.ARTC.SC,IC.TAX.OTHR.CP.ZS,IC.LGL.DURS,IC.FRM.FEMM.ZS,IC.CUS.DURS.EX,HD.HCI.OVRL.FE,GC.TAX.YPKG.ZS,GC.REV.XGRT.GD.ZS,GB.XPD.RSDV.GD.ZS,FR.INR.LNDP,FI.RES.XGLD.CD,ER.H2O.INTR.K3,EN.URB.LCTY,EN.CLC.DRSK.XQ,EN.ATM.METH.KT.CE,EN.ATM.CO2E.LF.KT,EG.ELC.RNWX.ZS,EG.CFT.ACCS.RU.ZS,DT.ODA.ODAT.GI.ZS,DT.NFL.UNDP.CD,DT.NFL.MLAT.CD,DT.DOD.MIDA.CD,DC.ODA.TLDC.CD,DC.DAC.IRLL.CD,CM.MKT.TRNR,BX.GSR.TOTL.CD,BN.KLT.DINV.CD,BM.GSR.NFSV.CD,AG.LND.TOTL.K2,AG.LND.AGRI.K2,IQ.SPI.PIL1,IQ.CPA.MACR.XQ,IP.PAT.RESD,IC.TAX.PRFT.CP.ZS,IC.PRP.PROC,IC.FRM.FREG.ZS,IC.ELC.OUTG,HD.HCI.OVRL.LB.FE,FR.INR.RISK,FM.AST.DOMO.ZG.M3,ER.LND.PTLD.ZS,EN.URB.MCTY,EN.CLC.MDAT.ZS,EN.ATM.NOXE.AG.KT.CE,EN.ATM.CO2E.PC,EG.GDP.PUSE.KO.PP,EG.CFT.ACCS.ZS,DT.ODA.ODAT.KD,DT.NFL.UNEP.CD,DT.NFL.NIFC.CD,DT.DOD.PVLX.CD,DC.ODA.TOTL.CD,DC.DAC.ITAL.CD,DC.DAC.AUTL.CD,BX.GSR.TRVL.ZS,BN.RES.INCL.CD,BM.GSR.TOTL.CD,AG.LND.TOTL.UR.K2,AG.LND.ARBL.HA,TX.VAL.SERV.CD.WT,TX.VAL.MMTL.ZS.UN,TM.VAL.MRCH.WR.ZS,TM.VAL.ICTG.ZS.UN,TM.TAX.MRCH.SM.FN.ZS,ST.INT.XPND.CD,SP.REG.DTHS.ZS,SP.POP.DPND,SP.POP.6064.MA.5Y,SP.POP.2024.MA.5Y,SP.POP.0014.MA.ZS,SP.DYN.LE00.FE.IN,SM.POP.TOTL.ZS,SL.UEM.NEET.FE.ZS,SL.TLF.TOTL.IN,SL.TLF.BASC.ZS,SL.TLF.0714.WK.ZS,SL.SRV.EMPL.FE.ZS,SL.FAM.WORK.FE.ZS,SL.EMP.SMGT.FE.ZS,SL.AGR.0714.ZS,SI.POV.MDIM.FE,SI.DST.02ND.20,SH.XPD.CHEX.PC.CD,SH.TBS.INCD,SH.STA.STNT.MA.ZS,SH.STA.ODFC.RU.ZS,SH.STA.BASS.RU.ZS,SH.MLR.TRET.ZS,SH.HIV.INCD.TL,SH.DYN.NCOM.MA.ZS,SH.DTH.COMM.ZS,SG.VAW.GOES.ZS,SE.XPD.PRIM.ZS,SE.TER.CUAT.MS.FE.ZS,SE.SEC.TCAQ.UP.FE.ZS,SE.SEC.ENRL.VO.FE.ZS,SE.SEC.CUAT.LO.ZS,SE.PRM.TCHR.FE.ZS,SE.PRM.OENR.MA.ZS,SE.PRM.ENRL,SE.PRE.DURS,per_si_allsi.cov_q3_tot,per_lm_alllm.cov_q3_tot,NY.TRF.NCTR.CN,NY.GNP.PCAP.KD,NY.GDP.TOTL.RT.ZS,NY.GDP.MKTP.CN,NY.ADJ.SVNX.GN.ZS,NY.ADJ.DNGY.GN.ZS,NV.SRV.TOTL.CN,NV.IND.MANF.KN,NE.RSB.GNFS.ZS,NE.GDI.STKB.KN,NE.EXP.GNFS.CD,NE.CON.PRVT.PC.KD.ZG,MS.MIL.XPND.GD.ZS,IT.NET.SECR.P6,TX.VAL.MRCH.XD.WD,TX.VAL.INSF.ZS.WT,TM.VAL.MRCH.RS.ZS,TM.VAL.FOOD.ZS.UN,TM.TAX.MRCH.IP.ZS,ST.INT.TVLR.CD,SP.REG.BRTH.UR.ZS,SP.POP.80UP.MA.5Y,SP.POP.5559.MA.5Y,SP.POP.1564.TO.ZS,SP.POP.0014.FE.ZS,SP.DYN.IMRT.IN,SM.POP.REFG.OR,SL.UEM.INTM.MA.ZS,SL.TLF.PART.ZS,SL.TLF.BASC.FE.ZS,SL.TLF.0714.WK.MA.ZS,SL.SRV.0714.MA.ZS,SL.FAM.0714.MA.ZS,SL.EMP.SELF.MA.ZS,SL.AGR.0714.FE.ZS,SI.POV.MDIM.17,SH.XPD.PVTD.PC.CD,SH.VAC.TTNS.ZS,SH.TBS.CURE.ZS,SH.STA.SMSS.ZS,SH.STA.MMRT,SH.STA.ANVC.ZS,SH.MLR.INCD.P3,SH.DYN.MORT.MA,SH.DTH.1519,SG.VAW.ARGU.ZS,SE.XPD.CTOT.ZS,SE.TER.CUAT.DO.MA.ZS,SE.SEC.TCAQ.LO.ZS,SE.SEC.ENRL.UP.TC.ZS,SE.SEC.CUAT.LO.FE.ZS,SE.PRM.TCAQ.ZS,SE.PRM.NINT.ZS,SE.PRM.CUAT.ZS,SE.ENR.SECO.FM.ZS,per_si_allsi.cov_q1_tot,per_lm_alllm.cov_q1_tot,NY.TAX.NIND.KN,NY.GNP.PCAP.CD,NY.GDP.PCAP.PP.KD,NY.GDP.MINR.RT.ZS,NY.ADJ.SVNG.GN.ZS,NY.ADJ.DMIN.GN.ZS,NV.SRV.EMPL.KD,NV.IND.MANF.KD,NE.RSB.GNFS.CN,NE.GDI.STKB.CD,NE.DAB.TOTL.KN,NE.CON.PRVT.KN,MS.MIL.XPND.CD,IT.NET.BBND.P2,IE.PPN.ENGY.CD,IC.REG.PROC.FE,IC.IMP.CSBC.CD,IC.FRM.BNKS.ZS,IC.BUS.EASE.XQ,GC.XPN.TOTL.CN,GC.TAX.OTHR.CN,GC.NLD.TOTL.GD.ZS,FX.OWN.TOTL.MA.ZS,FM.LBL.BMNY.ZG,FB.CBK.DPTR.P3,ER.H2O.FWAG.ZS,EN.MAM.THRD.NO,EN.ATM.PM25.MC.T1.ZS,EN.ATM.GHGT.ZG,EG.USE.PCAP.KG.OE,EG.ELC.LOSS.ZS,DT.TDS.DPPF.XP.ZS,DT.NFL.WHOL.CD,DT.NFL.PRVT.CD,DT.NFL.IFAD.CD,DT.DOD.DPPG.CD,DC.DAC.PRTL.CD,DC.DAC.ESPL.CD,CM.MKT.INDX.ZG,BX.GSR.FCTY.CD,BN.CAB.XOKA.GD.ZS,BG.GSR.NFSV.GD.ZS,AG.LND.EL5M.UR.ZS,IQ.CPA.REVN.XQ,IQ.CPA.BREG.XQ,IE.PPI.TRAN.CD,IC.REG.DURS.MA,IC.FRM.TRNG.ZS,IC.EXP.TMDC,IC.BUS.DFRN.XQ,GC.XPN.OTHR.CN,GC.TAX.INTT.CN,GC.NFN.TOTL.GD.ZS,FX.OWN.TOTL.60.ZS,FM.LBL.BMNY.GD.ZS,FB.CBK.BRCH.P5,ER.FSH.PROD.MT,EN.FSH.THRD.NO,EN.ATM.PFCG.KT.CE,EN.ATM.GHGO.ZG,EG.USE.CRNW.ZS,EG.ELC.FOSL.ZS,DT.TDS.DECT.GN.ZS,DT.NFL.UNWT.CD,DT.NFL.PNGC.CD,DT.NFL.FAOG.CD,DT.DOD.DLXF.CD,DC.DAC.NZLL.CD,DC.DAC.DEUL.CD,BX.TRF.PWKR.CD.DT,BX.GSR.CCIS.ZS,BM.TRF.PWKR.CD.DT,AG.SRF.TOTL.K2,AG.LND.EL5M.RU.ZS,VC.BTL.DETH,TX.VAL.MRCH.R1.ZS,TM.VAL.TRVL.ZS.WT,TM.VAL.MRCH.CD.WT,TM.TAX.TCOM.BR.ZS,TM.TAX.MANF.BR.ZS,SP.URB.TOTL,SP.POP.TECH.RD.P6,SP.POP.65UP.MA.IN,SP.POP.3539.FE.5Y,SP.POP.1014.FE.5Y,SP.DYN.TO65.MA.ZS,SN.ITK.VITA.ZS,SL.UEM.TOTL.MA.NE.ZS,SL.UEM.1524.NE.ZS,SL.TLF.CACT.MA.NE.ZS,SL.TLF.ACTI.1524.MA.ZS,SL.TLF.0714.SW.FE.TM,SL.IND.EMPL.MA.ZS,SL.EMP.TOTL.SP.NE.ZS,SL.EMP.1524.SP.FE.ZS,SI.POV.NAHC,SI.DST.50MD,SH.XPD.GHED.CH.ZS,SH.UHC.NOP2.CG,SH.STA.SUIC.P5,SH.STA.OWGH.FE.ZS,SH.STA.BRTW.ZS,SH.PRV.SMOK,SH.HIV.PMTC.ZS,SH.H2O.BASW.UR.ZS,SH.DTH.NMRT,SH.ALC.PCAP.LI,SE.XPD.TOTL.GB.ZS,SE.TER.CUAT.ST.ZS,SE.SEC.TCHR.FE,SE.SEC.NENR.FE,SE.SEC.CUAT.UP.MA.ZS,SE.PRM.UNER.FE,SE.PRM.PRS5.ZS,SE.PRM.ENRR.MA,SE.PRE.TCAQ.FE.ZS,SE.ADT.1524.LT.FM.ZS,per_sa_allsa.cov_pop_tot,PA.NUS.PPP,NY.GNS.ICTR.CD,NY.GNP.ATLS.CD,NY.GDP.MKTP.PP.CD,NY.GDP.DEFL.ZS,NY.ADJ.NNAT.CD,NY.ADJ.AEDU.CD,NV.IND.TOTL.KD.ZG,NV.AGR.TOTL.KD,NE.GDI.TOTL.KN,NE.EXP.GNFS.ZS,NE.CON.TOTL.CN,TX.VAL.MRCH.WL.CD,TX.VAL.FUEL.ZS.UN,TM.VAL.MRCH.R5.ZS,TM.UVI.MRCH.XD.WD,TM.TAX.MRCH.BC.ZS,ST.INT.TRNR.CD,SP.REG.BRTH.MA.ZS,SP.POP.7579.MA.5Y,SP.POP.5054.MA.5Y,SP.POP.1564.MA.ZS,SP.POP.0004.MA.5Y,SP.DYN.CONU.ZS,SM.POP.NETM,SL.UEM.BASC.ZS,SL.TLF.PART.FE.ZS,SL.TLF.ADVN.MA.ZS,SL.TLF.0714.WK.FE.ZS,SL.SLF.0714.ZS,SL.EMP.WORK.ZS,SL.EMP.MPYR.ZS,SI.SPR.PCAP,SH.XPD.OOPC.PP.CD,SH.UHC.OOPC.25.ZS,SH.SVR.WAST.MA.ZS,SH.STA.SMSS.RU.ZS,SH.STA.MALN.MA.ZS,SH.STA.AIRP.MA.P5,SH.MED.PHYS.ZS,SH.HIV.1524.MA.ZS,SH.DYN.MORT,SH.DTH.0509,SG.TIM.UWRK.MA,SE.XPD.CSEC.ZS,SE.TER.CUAT.BA.ZS,SE.SEC.TCAQ.LO.FE.ZS,SE.SEC.ENRL.LO.TC.ZS,SE.SEC.CMPT.LO.MA.ZS,SE.PRM.TCAQ.FE.ZS,SE.PRM.NINT.FE.ZS,SE.PRM.CUAT.FE.ZS,SE.ENR.PRIM.FM.ZS,per_si_allsi.ben_q1_tot,per_lm_alllm.ben_q1_tot,NY.TAX.NIND.CD,NY.GNP.MKTP.PP.CD,NY.GDP.PCAP.KN,NY.GDP.FCST.KN,NY.ADJ.NNTY.PC.KD.ZG,NY.ADJ.DKAP.GN.ZS,NV.MNF.TECH.ZS.UN,NV.IND.MANF.CD,NE.IMP.GNFS.ZS,NE.GDI.FTOT.KN,NE.DAB.TOTL.CN,NE.CON.PRVT.KD,MS.MIL.TOTL.P1,IT.MLT.MAIN.P2,IT.NET.USER.ZS,IS.AIR.DPRT,IQ.CPA.PUBS.XQ,IP.TMK.TOTL,IE.PPI.ICTI.CD,IC.REG.DURS.FE,IC.FRM.THEV.ZS,IC.EXP.TMBC,HD.HCI.OVRL.UB.MA,GC.XPN.INTP.ZS,GC.TAX.IMPT.ZS,GC.NFN.TOTL.CN,FX.OWN.TOTL.40.ZS,FM.LBL.BMNY.CN,FB.BNK.CAPA.ZS,ER.FSH.CAPT.MT,EN.CO2.TRAN.ZS,EN.ATM.NOXE.ZG,EN.ATM.GHGO.KT.CE,EG.USE.COMM.GD.PP.KD,EG.ELC.COAL.ZS,DT.TDS.DECT.EX.ZS,DT.NFL.UNTA.CD,DT.NFL.PNGB.CD,DT.NFL.DPNG.CD,DT.DOD.DIMF.CD,DC.DAC.NORL.CD,DC.DAC.CZEL.CD,BX.TRF.PWKR.CD,BX.GSR.CCIS.CD,BM.TRF.PRVT.CD,AG.PRD.LVSK.XD,AG.LND.EL5M.RU.K2
1990,,,,,,,,,,,,,,,,,,,,,,,,,,,,,,,,,,,,,,,,,,,,,,,,,,,,,,,,,,,,,,,,,,,,,,,,,,,,,,,,,,,,,,,,,,,,,,,,,,,,,,,,,,,,,,,,,,,,,,,,0.0,,,,,,,,,,,,,,,,,,,,,,,,,,,,,,,,,,,18.38235294,,,,,,,,,,,,,,,,,,,,,,,,,,,,,,,,,,,,,,,,,,,,,,,,,,,,,,,,,,,,,,,,,,31522.0,,,,,,,,,,,,,,,,,,,,,,,,,,,,,,,,,,,,,,,,,,,,,,,,,,,,,,,,,,,,,,,,,,,,,,,,,,,,,,,,,,,,,,,,,,,,,,,,,,,,,,,,,,,,,,,,,,,,,,,,,,,,,,,,,,,,,,,,,,,,,,,,,,,,,,,,,,,,,,,,,,,,,,,,,,,,,,,,,,,,,,,,,,,,,,,,,,,,,,,,,,,,,,,,,,,,,,,,,,,,,99.50241089,,,,,,,,,,,,,,,,,,,,,,,,,,,,,,,100.0,,,,,,,,,,,,,,,,,,,,9.29875192,,,,2.12,,,,,,,,,,,,,,,,,,,,,,,,,,,,,,,,,,,,,,,,,,,,,,,,,,,,,74.52195122,,,,,,,,,,,,,,,,,,,,,,,,,,,,,,,,,,,,,,,,,,,,,,,,,,,,,,,,,,,,,,,,,,,,,,,,,,,,,,,,,,,,,,,,,,,,,,,,,,,,,,,,,,,,,,,,,,,,,,,,,,,,,,,,,,579.4485294,,,,,,,,,,,,,,,,,,,,,,,,,,,,71.4,,,,,,,,,,,,,,,,,,,,,,,,,,,,,,,,,,,,,,,,,,,,,,,,,,,,,,,,,,,24.9,,,,,,,,,,,,,,,,,,,,,,,,,,,,,,,,,,,,,,,,,,,,,,,,,,,,,,,,,,,,,,,,,,,,,,,,,,,10.0,,,,,,,,,,,,,,,,,,,,,,,,0.0,,,,,,,,,,,,,,,,,,,,,,,,,,,,,,,,,,,,,,,,,,,,,,,,,,,,,,,,,,,2.8,,,,,,,,,,,,,,,,,,,,,,,,,,,,,,,,,,,,,,,,,,,,,,,,,,,,,,,,,,,,,,,,,,,,,,,,,,,,,,,,,,,,,,,,,,,,,,,,,,,,,,,,,,,,,,,,,,,,,,,,,,,,,,,,,,,,,,,,,,,,,,,,,,,,,,,,,,,,,,,,,,,,,,,,,54.4,,,,,,,,,,,,,,,,,,,,,,,,,,,,,,,,,,,,,,,,,,77.8,,,,,,,,,,,,,,,,,,,,,,,,,,,,,,,,,,,,,,,,,,,,,,,,,,,,,,,,,,,,,,,,,,,,,,,,,,,,,,,,,,,,,,,,,,,,,,,,,,,,,,,,,,,,,,,,,,,,,,,,,,,,,,,,,,,,,,,,,,,,,,,,,,,,,,,,,,,,,,,,,,54.4,,,,,,,,,,,,,,,,,,,,,,,,,,,,,,,,,,,,,,,,,,,,,,,,,,,,,,,,,,,,,,,,,,,,,,,,,,,,,,,,,,,,,,,,,,,,,,,,,,,,,,,,,,,,,,,,,,,,,,,,,,,,,,,,,,,,,,,,,,,,,,,,,,,
1991,,,,,,,,,,,,,,,,,,,,,,,,,,,,,,,,,,,,,,,,,,,,,,,,,,,,,,,,,,,,,,,,,,,,,,,,,,,,,,,,,,,,,,,,,,,,,,,,,,,,,,,,,,,,,,,,,,,,,,,,0.0,,,,,,,,,,,,,,,,,,,,,,,,,,,,,,,,,,,18.38235294,,,,,,,,,,,,,,,,,,,,,,,,,,,,,,,,,,,,,,,,,,,,,,,,,,,,,,,,,,,,,,,,,,32441.0,,,,,,,,,,,,,,,,,,,,,,,,,,,,,,,,,,,,,,,,,,,,,,,,,,,,,,,,,,,,,,,,,,,,,,,,,,,,,,,,,,,,,,,,,,,,,,,,,,,,,,,,,,,,,,,,,,,,,,,,,,,,,,,,,,,,,,,,,,,,,,,,,,,,,,,,,,,,,,,,,,,,,,,,,,,,,,,,,,,,,,,,,,,,,,,,,,,,,,,,,,,,,,,,,,,,,,,,,,,,,99.56900024,,,,,,,,,,,,,,,,,,,,,,,,,,,,,,,100.0,,,,,,,,,,,,,,,,,,,,2.873734016,,,,2.05,,,,,,,,,,,,,,,,,,,,,,,,,,,,,,,,,,,,,,,,,,,,,,,,,,,,,75.92439024,,,,,,,,,,,,,,,,,,,,,,,,,,,,,,,,,,,,,,,,,,,,,,,,,,,,,,,,,,,,,,,,,,,,,,,,,,,,,,,,,,,,,,,,,,,,,,,,,,,,,,,,,,,,,,,,,,,,,,,,,,,,,,,,,,596.3419118,,,,,,,,,,,,,,,,,,,,,,,,,,,,72.9,,,,,,,,,,,,,,,,,,,,,,,,,,,,,,,,,,,,,,,,,,,,,,,,,,,,,,,,,,,23.8,,,,,,,,,,,,,,,,,,,,,,,,,,,,,,,,,,,,,,,,,,,,,,,,,,,,,,,,,,,,,,,,,,,,,,,,,,,10.0,,,,,,,,,,,,,,,,,,,,,,,,0.0,,,,,,,,,,,,,,,,,,,,,,,,,,,,,,,,,,,,,,,,,,,,,,,,,,,,,,,,,,,2.6,,,,,,,,,,,,,,,,,,,,,,,,,,,,,,,,,,,,,,,,,,,,,,,,,,,,,,,,,,,,,,,,,,,,,,,,,,,,,,,,,,,,,,,,,,,,,,,,,,,,,,,,,,,,,,,,,,,,,,,,,,,,,,,,,,,,,,,,,,,,,,,,,,,,,,,,,,,,,,,,,,,,,,,,,54.4,,,,,,,,,,,,,,,,,,,,,,,,,,,,,,,,,,,,,,,,,,79.1,,,,,,,,,,,,,,,,,,,,,,,,,,,,,,,,,,,,,,,,,,,,,,,,,,,,,,,,,,,,,,,,,,,,,,,,,,,,,,,,,,,,,,,,,,,,,,,,,,,,,,,,,,,,,,,,,,,,,,,,,,,,,,,,,,,,,,,,,,,,,,,,,,,,,,,,,,,,,,,,,,54.4,,,,,,,,,,,,,,,,,,,,,,,,,,,,,,,,,,,,,,,,,,,,,,,,,,,,,,,,,,,,,,,,,,,,,,,,,,,,,,,,,,,,,,,,,,,,,,,,,,,,,,,,,,,,,,,,,,,,,,,,,,,,,,,,,,,,,,,,,,,,,,,,,,,
1992,,,,,,,,,,,,,,,,,,,,,,,,,,,,,,,,,,,,,,,,,,,,,,,,,,,,,,,,,,,,,,,,,,,,,,,,,,,,,,,,,,,,,,,,,,,,,,,,,,,,,,,,,,,,,,,,,,,,,,,,0.0,,,,,,,,,,,,,,,,,,,,,,,,,,,,,,,,,,,18.38235294,,,,,,,,,,,,,,,,,,,,,,,,,,,,,,,,,,,,,,,,,,,,,,,,,,,,,,,,,,,,,,,,,,31816.0,,,,,,,,,,,,,,,,,,,,,,,,,,,,,,,,,,,,,,,,,,,,,,,,,,,,,,,,,,,,,,,,,,,,,,,,,,,,,,,,,,,,,,,,,,,,,,,,,,,,,,,,,,,,,,,,,,,,,,,,,,,,,,,,,,,,,,,,,,,,,,,,,,,,,,,,,,,,,,,,,,,,,,,,,,,,,,,,,,,,,,,,,,,,,,,,,,,,,,,,,,,,,,,,,,,,,,,,,,,,,99.6350708,,,,,,,,,,,,,,,,,,,,,,,,,,,,,,,100.0,,,,,,,,,,,,,,,,,,,,-1.945374701,,,,1.94,,,,,,,,,,,,,,,,,,,,,,,,,,,,,,,,,,,,,,,,,,,,,,,,,,,,,75.42439024,,,,,,,,,,,,,,,,,,,,,,,,,,,,,,,,,,,,,,,,,,,,,,,,,,,,,,,,,,,,,,,,,,,,,,,,,,,,,,,,,,,,,,,,,,,,,,,,,,,,,,,,,,,,,,,,,,,,,,,,,,,,,,,,,,584.8529412,,,,,,,,,,,,,,,,,,,,,,,,,,,,72.4,,,,,,,,,,,,,,,,,,,,,,,,,,,,,,,,,,,,,,,,,,,,,,,,,,,,,,,,,,,22.2,,,,,,,,,,,,,,,,,,,,,,,,,,,,,,,,,,,,,,,,,,,,,,,,,,,,,,,,,,,,,,,,,,,,,,,,,,,10.0,,,,,,,,,,,,,,,,,,,,,,,,0.0,,,,,,,,,,,,,,,,,,,,,,,,,,,,,,,,,,,,,,,,,,,,,,,,,,,,,,,,,,,2.8,,,,,,,,,,,,,,,,,,,,,,,,,,,,,,,,,,,,,,,,,,,,,,,,,,,,,,,,,,,,,,,,,,,,,,,,,,,,,,,,,,,,,,,,,,,,,,,,,,,,,,,,,,,,,,,,,,,,,,,,,,,,,,,,,,,,,,,,,,,,,,,,,,,,,,,,,,,,,,,,,,,,,,,,,54.4,,,,,,,,,,,,,,,,,,,,,,,,,,,,,,,,,,,,,,,,,,78.6,,,,,,,,,,,,,,,,,,,,,,,,,,,,,,,,,,,,,,,,,,,,,,,,,,,,,,,,,,,,,,,,,,,,,,,,,,,,,,,,,,,,,,,,,,,,,,,,,,,,,,,,,,,,,,,,,,,,,,,,,,,,,,,,,,,,,,,,,,,,,,,,,,,,,,,,,,,,,,,,,,54.4,,,,,,,,,,,,,,,,,,,,,,,,,,,,,,,,,,,,,,,,,,,,,,,,,,,,,,,,,,,,,,,,,,,,,,,,,,,,,,,,,,,,,,,,,,,,,,,,,,,,,,,,,,,,,,,,,,,,,,,,,,,,,,,,,,,,,,,,,,,,,,,,,,,
1993,,,,,,,,,,,,,,,,,,,,,,,,,,,,,,,,,,,,,,,,,,,,,,,,,,,,,,,,,,,,,,,,,,,,,,,,,,,,,,,,,,,,,,,,,,,,,,,,,,,,,,,,,,,,,,,,,,,,,,,,0.0,,,,,,,,,,,,,,,,,,,,,,,,,,,,,,,,,,,18.38235294,,,,,,,,,,,,,,,,,,,,,,,,,,,,,,,,,,,,,,,,,,,,,,,,,,,,,,,,,,,,,,,,,,30194.0,,,,,,,,,,,,,,,,,,,,,,,,,,,,,,,,,,,,,,,,,,,,,,,,,,,,,,,,,,,,,,,,,,,,,,,,,,,,,,,,,,,,,,,,,,,,,,,,,,,,,,,,,,,,,,,,,,,,,,,,,,,,,,,,,,,,,,,,,,,,,,,,,,,,,,,,,,,,,,,,,,,,,,,,,,,,,,,,,,,,,,,,,,,,,,,,,,,,,,,,,,,,,,,,,,,,,,,,,,,,,99.69797516,,,,,,,,,,,,,,,,,,,,,,,,,,,,,,,100.0,,,,,,,,,,,,,,,,,,,,-5.232607876,,,,1.84,,,,,,,,,,,,,,,,,,,,,,,,,,,,,,,,,,,,,,,,,,,,,,,,,,,,,75.57317073,,,,,,,,,,,,,,,,,,,,,,,,,,,,,,,,,,,,,,,,,,,,,,,,,,,,,,,,,,,,,,,,,,,,,,,,,,,,,,,,,,,,,,,,,,,,,,,,,,,,,,,,,,,,,,,,,,,,,,,,,,,,,,,,,,555.0367647,,,,,,,,,,,,,,,,,,,,,,,,,,,,72.5,,,,,,,,,,,,,,,,,,,,,,,,,,,,,,,,,,,,,,,,,,,,,,,,,,,,,,,,,,,20.7,,,,,,,,,,,,,,,,,,,,,,,,,,,,,,,,,,,,,,,,,,,,,,,,,,,,,,,,,,,,,,,,,,,,,,,,,,,10.0,,,,,,,,,,,,,,,,,,,,,,,,0.0,,,,,,,,,,,,,,,,,,,,,,,,,,,,,,,,,,,,,,,,,,,,,,,,,,,,,,,,,,,2.8,,,,,,,,,,,,,,,,,,,,,,,,,,,,,,,,,,,,,,,,,,,,,,,,,,,,,,,,,,,,,,,,,,,,,,,,,,,,,,,,,,,,,,,,,,,,,,,,,,,,,,,,,,,,,,,,,,,,,,,,,,,,,,,,,,,,,,,,,,,,,,,,,,,,,,,,,,,,,,,,,,,,,,,,,54.4,,,,,,,,,,,,,,,,,,,,,,,,,,,,,,,,,,,,,,,,,,78.8,,,,,,,,,,,,,,,,,,,,,,,,,,,,,,,,,,,,,,,,,,,,,,,,,,,,,,,,,,,,,,,,,,,,,,,,,,,,,,,,,,,,,,,,,,,,,,,,,,,,,,,,,,,,,,,,,,,,,,,,,,,,,,,,,,,,,,,,,,,,,,,,,,,,,,,,,,,,,,,,,,54.4,,,,,,,,,,,,,,,,,,,,,,,,,,,,,,,,,,,,,,,,,,,,,,,,,,,,,,,,,,,,,,,,,,,,,,,,,,,,,,,,,,,,,,,,,,,,,,,,,,,,,,,,,,,,,,,,,,,,,,,,,,,,,,,,,,,,,,,,,,,,,,,,,,,
1994,,,,,,,,,,,,,,,,,,,,,,,,,,,,,,,,,,,,,,,,,,,,,,,,,,,,,,,,,,,,,,,,,,,,,,,,,,,,,,,,,,,,,,,,,,,,,,,,,,,,,,,,,,,,,,,,,,,,,,,,0.0,,,,,,,,,,,,,,,,,,,,,,,,,,,,,,,,,,,18.38235294,,,,,,,,,,,,,,,,,,,,,,,,,,,,,,,,,,,,,,,,,,,,,,,,,,,,,,,,,,,,,,,,,,28482.0,,,,,,,,,,,,,,,,,,,,,,,,,,,,,,,,,,,,,,,,,,,,,,,,,,,,,,,,,,,,,,,,,,,,,,,,,,,,,,,,,,,,,,,,,,,,,,,,,,,,,,,,,,,,,,,,,,,,,,,,,,,,,,,,,,,,,,,,,,,,,,,,,,,,,,,,,,,,,,,,,,,,,,,,,,,,,,,,,,,,,,,,,,,,,,,,,,,,,,,,,,,,,,,,,,,,,,,,,,,,,99.75456238,,,,,,,,,,,,,,,,,,,,,,,,,,,,,,,100.0,,,,,,,,,,,,,,,,,,,,-5.837092035,,,,1.84,,,,,,,,,,,,,,,,,,,,,,,,,,,,,,,,,,,,,,,,,,,,,,,,,,,,,75.77317073,,,,,,,,,,,,,,,,,,,,,,,,,,,,,,,,,,,,,,,,,,,,,,,,,,,,,,,,,,,,,,,,,,,,,,,,,,,,,,,,,,,,,,,,,,,,,,,,,,,,,,,,,,,,,,,,,,,,,,,,,,,,,,,,,,523.5661765,,,,,,,,,,,,,,,,,,,,,,,,,,,,72.7,,,,,,,,,,,,,,,,,,,,,,,,,,,,,,,,,,,,,,,,,,,,,,,,,,,,,,,,,,,20.1,,,,,,,,,,,,,,,,,,,,,,,,,,,,,,,,,,,,,,,,,,,,,,,,,,,,,,,,,,,,,,,,,,,,,,,,,,,10.0,,,,,,,,,,,,,,,,,,,,,,,,0.0,,,,,,,,,,,,,,,,,,,,,,,,,,,,,,,,,,,,,,,,,,,,,,,,,,,,,,,,,,,2.8,,,,,,,,,,,,,,,,,,,,,,,,,,,,,,,,,,,,,,,,,,,,,,,,,,,,,,,,,,,,,,,,,,,,,,,,,,,,,,,,,,,,,,,,,,,,,,,,,,,,,,,,,,,,,,,,,,,,,,,,,,,,,,,,,,,,,,,,,,,,,,,,,,,,,,,,,,,,,,,,,,,,,,,,,54.4,,,,,,,,,,,,,,,,,,,,,,,,,,,,,,,,,,,,,,,,,,79.0,,,,,,,,,,,,,,,,,,,,,,,,,,,,,,,,,,,,,,,,,,,,,,,,,,,,,,,,,,,,,,,,,,,,,,,,,,,,,,,,,,,,,,,,,,,,,,,,,,,,,,,,,,,,,,,,,,,,,,,,,,,,,,,,,,,,,,,,,,,,,,,,,,,,,,,,,,,,,,,,,,54.4,,,,,,,,,,,,,,,,,,,,,,,,,,,,,,,,,,,,,,,,,,,,,,,,,,,,,,,,,,,,,,,,,,,,,,,,,,,,,,,,,,,,,,,,,,,,,,,,,,,,,,,,,,,,,,,,,,,,,,,,,,,,,,,,,,,,,,,,,,,,,,,,,,,
1995,,,,,,,,,,,,,,,,,,,,,,,,,,,,,,,,,,,,,,,,,,,,,,,,,,,,,,,,,,,,,,,,,,,,,,,,,,,,,,,,,,,,,,,,,,,,,,,,,,,,,,,,,,,,,,,,,,,,,,,,0.0,,,,,,,,,,,,,,,,,,,,,,,,,,,,,,,,,,,18.38235294,,,,,,,,,,,,,,,,,,,,,,,,,,,,,,,,,,,,,,,,,,,,,,,,,,,,,,,,,,,,,,,,,,27320.0,,,,,,,,,,,,,,,,,,,,,,,,,,,,,,,,,,,,,,,,,,,,,,,,,,,,,,,,,,,,,,,,,,,,,,,,,,,,,,,,,,,,,,,,,,,,,,,,,,,,,,,,,,,,,,,,,,,,,,,,,,,,,,,,,,,,,,,,,,,,,,,,,,,,,,,,,,,,,,,,,,,,,,,,,,,,,,,,,,,,,,,,,,,,,,,,,,,,,,,,,,,,,,,,,,,,,,,,,,,,,99.80167389,,,,,,,,,,,,,,,,,,,,,,,,,,,,,,,100.0,,,,,,,,,,,,,,,,,,,,-4.165327409,,,,1.84,,,,,,,,,,,,,,,,,,,,,,,,,,,,,,,,,,,,,,,,,,,,,,,,,,,,,75.97317073,,,,,,,,,,,,,,,,,,,,,,,,,,,,,,,,,,,,,,,,,,,,,,,,,,,,,,,,,,,,,,,,,,,,,,,,,,,,,,,,,,,,,,,,,,,,,,,,,,,,,,,,,,,,,,,,,,,,,,,,,,,,,,,,,,502.2058824,,,,,,,,,,,,,,,,,,,,,,,,,,,,72.9,,,,,,,,,,,,,,,,,,,,,,,,,,,,,,,,,,,,,,,,,,,,,,,,,,,,,,,,,,,19.5,,,,,,,,,,,,,,,,,,,,,,,,,,,,,,,,,,,,,,,,,,,,,,,,,,,,,,,,,,,,,,,,,,,,,,,,,,,10.0,,,,,,,,,,,,,,,,,,,,,,,,0.0,,,,,,,,,,,,,,,,,,,,,,,,,,,,,,,,,,,,,,,,,,,,,,,,,,,,,,,,,,,2.9,,,,,,,,,,,,,,,,,,,,,,,,,,,,,,,,,,,,,,,,,,,,,,,,,,,,,,,,,,,,,,,,,,,,,,,,,,,,,,,,,,,,,,,,,,,,,,,,,,,,,,,,,,,,,,,,,,,,,,,,,,,,,,,,,,,,,,,,,,,,,,,,,,,,,,,,,,,,,,,,,,,,,,,,,54.4,,,,,,,,,,,,,,,,,,,,,,,,,,,,,,,,,,,,,,,,,,79.2,,,,,,,,,,,,,,,,,,,,,,,,,,,,,,,,,,,,,,,,,,,,,,,,,,,,,,,,,,,,,,,,,,,,,,,,,,,,,,,,,,,,,,,,,,,,,,,,,,,,,,,,,,,,,,,,,,,,,,,,,,,,,,,,,,,,,,,,,,,,,,,,,,,,,,,,,,,,,,,,,,54.4,,,,,,,,,,,,,,,,,,,,,,,,,,,,,,,,,,,,,,,,,,,,,,,,,,,,,,,,,,,,,,,,,,,,,,,,,,,,,,,,,,,,,,,,,,,,,,,,,,,,,,,,,,,,,,,,,,,,,,,,,,,,,,,,,,,,,,,,,,,,,,,,,,,
1996,,,,,,,,,,,,,,,,,,,,,,,,,,,,,,,,,,,,,,,,,,,,,,,,,,,,,,,,,,,,,,,,,,,,,,,,,,,,,,,,,,,,,,,,,,,,,,,,,,,,,,,,,,,,,,,,,,,,,,,,0.0,,,,,,,,,,,,,,,,,,,,,,,,,,,,,,,,,,,18.38235294,,,,,,,,,,,,,,,,,,,,,,,,,,,,,,,,,,,,,,,,,,,,,,,,,,,,,,,,,,,,,,,,,,26854.0,,,,,,,,,,,,,,,,,,,,,,,,,,,,,,,,,,,,,,,,,,,,,,,,,,,,,,,,,,,,,,,,,,,,,,,,,,,,,,,,,,,,,,,,,,,,,,,,,,,,,,,,,,,,,,,,,,,,,,,,,,,,,,,,,,,,,,,,,,,,,,,,,,,,,,,,,,,,,,,,,,,,,,,,,,,,,,,,,,,,,,,,,,,,,,,,,,,,,,,,,,,,,,,,,,,,,,,,,,,,,99.83615112,,,,,,,,,,,,,,,,,,,,,,,,,,,,,,,100.0,,,,,,,,,,,,,,,,,,,,-1.720424905,,,,1.84,,,,,,,,,,,,,,,,,,,,,,,,,,,,,,,,,,,,,,,,,,,,,,,,,,,,,76.12439024,,,,,,,,,,,,,,,,,,,,,,,,,,,,,,,,,,,,,,,,,,,,,,,,,,,,,,,,,,,,,,,,,,,,,,,,,,,,,,,,,,,,,,,,,,,,,,,,,,,,,,,,,,,,,,,,,,,,,,,,,,,,,,,,,,493.6397059,,,,,,,,,,,,,,,,,,,,,,,,,,,,73.1,,,,,,,,,,,,,,,,,,,,,,,,,,,,,,,,,,,,,,,,,,,,,,,,,,,,,,,,,,,18.9,,,,,,,,,,,,,,,,,,,,,,,,,,,,,,,,,,,,,,,,,,,,,,,,,,,,,,,,,,,,,,,,,,,,,,,,,,,10.0,,,,,,,,,,,,,,,,,,,,,,,,0.0,,,,,,,,,,,,,,,,,,,,,,,,,,,,,,,,,,,,,,,,,,,,,,,,,,,,,,,,,,,3.0,,,,,,,,,,,,,,,,,,,,,,,,,,,,,,,,,,,,,,,,,,,,,,,,,,,,,,,,,,,,,,,,,,,,,,,,,,,,,,,,,,,,,,,,,,,,,,,,,,,,,,,,,,,,,,,,,,,,,,,,,,,,,,,,,,,,,,,,,,,,,,,,,,,,,,,,,,,,,,,,,,,,,,,,,54.4,,,,,,,,,,,,,,,,,,,,,,,,,,,,,,,,,,,,,,,,,,79.3,,,,,,,,,,,,,,,,,,,,,,,,,,,,,,,,,,,,,,,,,,,,,,,,,,,,,,,,,,,,,,,,,,,,,,,,,,,,,,,,,,,,,,,,,,,,,,,,,,,,,,,,,,,,,,,,,,,,,,,,,,,,,,,,,,,,,,,,,,,,,,,,,,,,,,,,,,,,,,,,,,54.4,,,,,,,,,,,,,,,,,,,,,,,,,,,,,,,,,,,,,,,,,,,,,,,,,,,,,,,,,,,,,,,,,,,,,,,,,,,,,,,,,,,,,,,,,,,,,,,,,,,,,,,,,,,,,,,,,,,,,,,,,,,,,,,,,,,,,,,,,,,,,,,,,,,
1997,,,,,,,,,,,,,,,,,,,,,,,,,,,,,,,,,,,,,,,,,,,,,,,,,,,,,,,,,,,,,,,,,,,,,,,,,,,,,,,,,,,,,,,,,,,,,,,,,,,,,,,,,,,,,,,,,,,,,,,,0.0,,,,,,,,,,,,,,,,,,,,,,,,,,,,,,,,,,,18.38235294,,,,,,,,,,,,,,,,,,,,,,,,,,,,,,,,,,,,,,,,,,,,,,,,,,,,,,,,,,,,,,,,,,26910.0,,,,,,,,,,,,,,,,,,,,,,,,,,,,,,,,,,,,,,,,,,,,,,,,,,,,,,,,,,,,,,,,,,,,,,,,,,,,,,,,,,,,,,,,,,,,,,,,,,,,,,,,,,,,,,,,,,,,,,,,,,,,,,,,,,,,,,,,,,,,,,,,,,,,,,,,,,,,,,,,,,,,,,,,,,,,,,,,,,,,,,,,,,,,,,,,,,,,,,,,,,,,,,,,,,,,,,,,,,,,,99.85482788,,,,,,,,,,,,,,,,,,,,,,,,,,,,,,,100.0,,,,,,,,,,,,,,,,,,,,0.208317909,,,,1.84,,,,,,,,,,,,,,,,,,,,,,,,,,,,,,,,,,,,,,,,,,,,,,,,,,,,,76.27317073,,,,,,,,,,,,,,,,,,,,,,,,,,,,,,,,,,,,,,,,,,,,,,,,,,,,,,,,,,,,,,,,,,,,,,,,,,,,,,,,,,,,,,,,,,,,,,,,,,,,,,,,,,,,,,,,,,,,,,,,,,,,,,,,,,494.6691176,,,,,,,,,,,,,,,,,,,,,,,,,,,,73.2,,,,,,,,,,,,,,,,,,,,,,,,,,,,,,,,,,,,,,,,,,,,,,,,,,,,,,,,,,,18.4,,,,,,,,,,,,,,,,,,,,,,,,,,,,,,,,,,,,,,,,,,,,,,,,,,,,,,,,,,,,,,,,,,,,,,,,,,,10.0,,,,,,,,,,,,,,,,,,,,,,,,0.0,,,,,,,,,,,,,,,,,,,,,,,,,,,,,,,,,,,,,,,,,,,,,,,,,,,,,,,,,,,3.1,,,,,,,,,,,,,,,,,,,,,,,,,,,,,,,,,,,,,,,,,,,,,,,,,,,,,,,,,,,,,,,,,,,,,,,,,,,,,,,,,,,,,,,,,,,,,,,,,,,,,,,,,,,,,,,,,,,,,,,,,,,,,,,,,,,,,,,,,,,,,,,,,,,,,,,,,,,,,,,,,,,,,,,,,54.4,,,,,,,,,,,,,,,,,,,,,,,,,,,,,,,,,,,,,,,,,,79.5,,,,,,,,,,,,,,,,,,,,,,,,,,,,,,,,,,,,,,,,,,,,,,,,,,,,,,,,,,,,,,,,,,,,,,,,,,,,,,,,,,,,,,,,,,,,,,,,,,,,,,,,,,,,,,,,,,,,,,,,,,,,,,,,,,,,,,,,,,,,,,,,,,,,,,,,,,,,,,,,,,54.4,,,,,,,,,,,,,,,,,,,,,,,,,,,,,,,,,,,,,,,,,,,,,,,,,,,,,,,,,,,,,,,,,,,,,,,,,,,,,,,,,,,,,,,,,,,,,,,,,,,,,,,,,,,,,,,,,,,,,,,,,,,,,,,,,,,,,,,,,,,,,,,,,,,
1998,,,,,,,,,,,,,,,,,,,,,,,,,,,,,,,,,,,,,,,,,,,,,,,,,,,,,,,,,,,,,,,,,,,,,,,,,,,,,,,,,,,,,,,,,,,,,,,,,,,,,,,,,,,,,,,,,,,,,,,,0.0,,,,,,,,,,,,,,,,,,,,,,,,,,,,,,,,,,,18.38235294,,,,,,,,,,,,,,,,,,,,,,,,,,,,,,,,,,,,,,,,,,,,,,,,,,,,,,,,,,,,,,,,,,27388.0,,,,,,,,,,,,,,,,,,,,,,,,,,,,,,,,,,,,,,,,,,,,,,,,,,,,,,,,,,,,,,,,,,,,,,,,,,,,,,,,,,,,,,,,,,,,,,,,,,,,,,,,,,,,,,,,,,,,,,,,,,,,,,,,,,,,,,,,,,,,,,,,,,,,,,,,,,,,,,,,,,,,,,,,,,,,,,,,,,,,,,,,,,,,,,,,,,,,,,,,,,,,,,,,,,,,,,,,,,,,,99.85454559,,,,,,,,,,,,,,,,,,,,,,,,,,,,,,,100.0,,,,,,,,,,,,,,,,,,,,1.760699652,,,,1.83,,,,,,,,,,,,,,,,,,,,,,,,,,,,,,,,,,,,,,,,,,,,,,,,,,,,,76.47317073,,,,,,,,,,,,,,,,,,,,,,,,,,,,,,,,,,,,,,,,,,,,,,,,,,,,,,,,,,,,,,,,,,,,,,,,,,,,,,,,,,,,,,,,,,,,,,,,,,,,,,,,,,,,,,,,,,,,,,,,,,,,,,,,,,503.4558824,,,,,,,,,,,,,,,,,,,,,,,,,,,,73.4,,,,,,,,,,,,,,,,,,,,,,,,,,,,,,,,,,,,,,,,,,,,,,,,,,,,,,,,,,,17.9,,,,,,,,,,,,,,,,,,,,,,,,,,,,,,,,,,,,,,,,,,,,,,,,,,,,,,,,,,,,,,,,,,,,,,,,,,,10.0,,,,,,,,,,,,,,,,,,,,,,,,0.0,,,,,,,,,,,,,,,,,,,,,,,,,,,,,,,,,,,,,,,,,,,,,,,,,,,,,,,,,,,3.2,,,,,,,,,,,,,,,,,,,,,,,,,,,,,,,,,,,,,,,,,,,,,,,,,,,,,,,,,,,,,,,,,,,,,,,,,,,,,,,,,,,,,,,,,,,,,,,,,,,,,,,,,,,,,,,,,,,,,,,,,,,,,,,,,,,,,,,,,,,,,,,,,,,,,,,,,,,,,,,,,,,,,,,,,54.4,,,,,,,,,,,,,,,,,,,,,,,,,,,,,,,,,,,,,,,,,,79.7,,,,,,,,,,,,,,,,,,,,,,,,,,,,,,,,,,,,,,,,,,,,,,,,,,,,,,,,,,,,,,,,,,,,,,,,,,,,,,,,,,,,,,,,,,,,,,,,,,,,,,,,,,,,,,,,,,,,,,,,,,,,,,,,,,,,,,,,,,,,,,,,,,,,,,,,,,,,,,,,,,54.4,,,,,,,,,,,,,,,,,,,,,,,,,,,,,,,,,,,,,,,,,,,,,,,,,,,,,,,,,,,,,,,,,,,,,,,,,,,,,,,,,,,,,,,,,,,,,,,,,,,,,,,,,,,,,,,,,,,,,,,,,,,,,,,,,,,,,,,,,,,,,,,,,,,
1999,,,,,,,,,,,,,,,,,,,,,,,,,,,,,,,,,,,,,,,,,,,,,,,,,,,,,,,,,,,,,,,,,,,,,,,,,,,,,,,,,,,,,,,,,,,,,,,,,,,,,,,,,,,,,,,,,,,,,,,,0.0,,,,,,,,,,,,,,,,,,,,,,,,,,,,,,,,,,,18.38235294,,,,,,,,,,,,,,,,,,,,,,,,,,,,,,,,,,,,,,,,,,,,,,,,,,,,,,,,,,,,,,,,,,28122.0,,,,,,,,,,,,,,,,,,,,,,,,,,,,,,,,,,,,,,,,,,,,,,,,,,,,,,,,,,,,,,,,,,,,,,,,,,,,,,,,,,,,,,,,,,,,,,,,,,,,,,,,,,,,,,,,,,,,,,,,,,,,,,,,,,,,,,,,,,,,,,,,,,,,,,,,,,,,,,,,,,,,,,,,,,,,,,,,,,,,,,,,,,,,,,,,,,,,,,,,,,,,,,,,,,,,,,,,,,,,,99.83383179,,,,,,,,,,,,,,,,,,,,,,,,,,,,,,,100.0,,,,,,,,,,,,,,,,,,,,2.644722691,,,,1.83,,,,,,,,,,,,,,,,,,,,,,,,,,,,,,,,,,,,,,,,,,,,,,,,,,,,,76.67317073,,,,,,,,,,,,,,,,,,,,,,,,,,,,,,,,,,,,,,,,,,,,,,,,,,,,,,,,,,,,,,,,,,,,,,,,,,,,,,,,,,,,,,,,,,,,,,,,,,,,,,,,,,,,,,,,,,,,,,,,,,,,,,,,,,516.9485294,,,,,,,,,,,,,,,,,,,,,,,,,,,,73.6,,,,,,,,,,,,,,,,,,,,,,,,,,,,,,,,,,,,,,,,,,,,,,,,,,,,,,,,,,,17.6,,,,,,,,,,,,,,,,,,,,,,,,,,,,,,,,,,,,,,,,,,,,,,,,,,,,,,,,,,,,,,,,,,,,,,,,,,,10.0,,,,,,,,,,,,,,,,,,,,,,,,0.0,,,,,,,,,,,,,,,,,,,,,,,,,,,,,,,,,,,,,,,,,,,,,,,,,,,,,,,,,,,3.3,,,,,,,,,,,,,,,,,,,,,,,,,,,,,,,,,,,,,,,,,,,,,,,,,,,,,,,,,,,,,,,,,,,,,,,,,,,,,,,,,,,,,,,,,,,,,,,,,,,,,,,,,,,,,,,,,,,,,,,,,,,,,,,,,,,,,,,,,,,,,,,,,,,,,,,,,,,,,,,,,,,,,,,,,54.4,,,,,,,,,,,,,,,,,,,,,,,,,,,,,,,,,,,,,,,,,,79.9,,,,,,,,,,,,,,,,,,,,,,,,,,,,,,,,,,,,,,,,,,,,,,,,,,,,,,,,,,,,,,,,,,,,,,,,,,,,,,,,,,,,,,,,,,,,,,,,,,,,,,,,,,,,,,,,,,,,,,,,,,,,,,,,,,,,,,,,,,,,,,,,,,,,,,,,,,,,,,,,,,54.4,,,,,,,,,,,,,,,,,,,,,,,,,,,,,,,,,,,,,,,,,,,,,,,,,,,,,,,,,,,,,,,,,,,,,,,,,,,,,,,,,,,,,,,,,,,,,,,,,,,,,,,,,,,,,,,,,,,,,,,,,,,,,,,,,,,,,,,,,,,,,,,,,,,
2000,,,,,,,,,,,,,,,,,,,,,,,,,,,,,,,,,,,,,,,,,,,,,,,,,,,,,,,,,,,,,,,,,,,,,,,,,,,,,,,,,,,,,,,,,,,,,,,,,,,,,,,,,,,,,,,,,,,,,,,,0.0,,,,,,,,,,,,,,,,,,,,,,,,,,,,,,,,,,,22.79411765,,,,,,,,,,,,,,,,,,,,,,,,,,,,,,,,,,,,,,,,,,,,,,,,,,,,,,,,,,,,,,,,,,28935.0,,,,,,,,,,,,,,,,,,,,,,,100.0,,,,,,,,,,,,,,,,,,,,,,,,,,,,,,,,,,,,,,,,,,,,,,,,,,,,,,,,,,,,,,,,,,,,,,,,,,,,,,,,,,,,,,,,,,,,,,,,,,,,,,,,,,,,,,,,,,,,,,,,,,,,,,,,,,,,,,,,,,,,,,,,,,,,,,,,,,,,,,,,,,,,,,,,,,,,,,,,,,,,,,,,,,,,,,,,,,,,,,100.0,,,,,,,,,,,,,,,,,,,,,,,,,,,,,,,100.0,,,,,,,,,,,,,,,,,,,,2.849974686,,,,1.83,,,,,,,,,,,,,,,,,,,,,,,,,,,,,,,,,,,,,,,,,,,,,,,,,,,,,76.87317073,,,,,,,,,,,,,,,0.0,99.0685119,,,,,,,,,,,,,,,,,,,,,,,,,,,,,,,,,,,,,,,,,,,,,,,,,,,,,,,,,,,,,,,,,,,,,,,,,,,,,,,,,,,,,,,,,,,,,,,,,,,,,,,,,,,,,,,,,,531.8933824,,,,,,,,,,,,,,,,,,,,,,,,,,,,73.8,,,,,,,,,,,,,,,0.0,99.0685119,,,,,,,,,,,,,,,,,,,,,,,,,,,,,,,,,,,,,,,,,,,17.4,,,,,,,,,,,,,,,,,,96.7,,,,,,,,,,,,,,,,,,,,,,,,,,,,,,,,,,,,,,,,,,,,,,,,,,,,,,,,,12.4,,,,,,,,,,,,,,,,,,,,,,,,0.0,,,,,,,,,,,,,,,,,,,,,,,,,,,,,,,,,,,,,,,,,,,,,,,,,,,,,,,,,,,3.4,,,,,,,,,,,,,,,,,,,,,,,,,,,,,,,,,,,,,,,,,,,,,,,,,,,,,,,,,,,,,,,,,,,,,,,,,,,96.7,,,,,,,,,,,,,,,,,,,,,,,,,,,,,,,,,,,,,,,,,,,,,,,,,,,,,,,,,,,,,,,,,,,,,,,,,,,,,,,,,,,,,,,,,,,,,,54.4,,,,,,,,,,,,,,,,,,,,,,,,,,,,,,,,,,,,,,,,,,80.1,,,,,,,,,,,,,,,,,,,,,,,,,,,,,,,,,,,,,,,,,,,,,,,,,,,,,,,,,,,,,,,,,,,,,,,,,,,,,,,,,,,,,,,,,,,,,,,,,,,,,,,,,,,,,,,,,,,,,,,,,,,,,,,,,,,,,,,,,,,,,,,,,,,,,,,,,,,,,,,,,,54.4,,,,,,,,,,,,,,,,,,,,,,,,,,,,,,,,100.0,,,,,,,,,,,,,,,,,,,,,,,,,,,,,,,,,,,,,,,,,,,,,,,,,,,,,,,,,,,,,,,,,,,,,,,,,,,,,,,,,,,,,,,,,,,,,,,,,,,,,,,,,,,,,,,,,,,
2001,,,,,,,,,,,,,,,,,,,,,,,,,,,,,,,,,,,,,,,,,,,,,,,,,,,,,,,,,,,,,,,,,,,,,,,,,,,,,,,,,,,,,,,,,,,,,,,,,,,,,,,,,,,,,,,,,,,,,,,,0.0,,,,,,,,,,,,,,,,,,,,,,,,,,,,,,,,,,,18.38235294,,,,,,,,,,,,,,,,,,,,,,,,,,,,,,,,,,,,,,,,,,,,,,,,,,,,,,,,,,,,,,,,,,29847.0,,,,,,,,,,,,,,,,,,,,,,,100.0,,,,,,,,,,,,,,,,,,,,,,,,,,,,,,,,,,,,,,,,,,,,,,,,,,,,,,,,,,,,,,,,,,,,,,,,,,,,,,,,,,,,,,,,,,,,,,,,,,,,,,,,,,,,,,,,,,,,,,,,,,,,,,,,,,,,,,,,,,,,,,,,,,,,,,,,,,,,,,,,,,,,,,,,,,,,,,,,,,,,,,,,,,,,,,,,,,,,,,100.0,,,,,,,,,,,,,,,,,,,,,,,,,,,,,,,100.0,,,,,,,,,,,,,,,,,,,,3.103239725,,,,1.83,,,,,,,,,,,,,,,,,,,,,,,,,,,,,,,,,,,,,,,,,,,,,,,,,,,,,76.97317073,,,,,,,,,,,,,,,0.0,99.0685119,,,,,,,,,,,,,,,,,,,,,,,,,,,,,,,,,,,,,,,,,,,,,,,,,,,,,,,,,,,,,,,,,,,,,,,,,,,,,,,,,,,,,,,,,,,,,,,,,,,,,,,,,,,,,,,,,,548.6580882,,,,,,,,,,,,,,,,,,,,,,,,,,,,73.9,,,,,,,,,,,,,,,0.0,99.0685119,,,,,,,,,,,,,,,,,,,,,,,,,,,,,,,,,,,,,,,,,,,17.3,,,,,,,,,,,,,,,,,,96.7,,,,,,,,,,,,,,,,,,,,,,,,,,,,,,,,,,,,,,,,,,,,,,,,,,,,,,,,,10.0,,,,,,,,,,,,,,,,,,,,,,,,0.0,,,,,,,,,,,,,,,,,,,,,,,,,,,,,,,,,,,,,,,,,,,,,,,,,,,,,,,,,,,3.5,,,,,,,,,,,,,,,,,,,,,,,,,,,,,,,,,,,,,,,,,,,,,,,,,,,,,,,,,,,,,,,,,,,,,,,,,,,96.7,,,,,,,,,,,,,,,,,,,,,,,,,,,,,,,,,,,,,,,,,,,,,,,,,,,,,,,,,,,,,,,,,,,,,,,,,,,,,,,,,,,,,,,,,,,,,,54.4,,,,,,,,,,,,,,,,,,,,,,,,,,,,,,,,,,,,,,,,,,80.2,,,,,,,,,,,,,,,,,,,,,,,,,,,,,,,,,,,,,,,,,,,,,,,,,,,,,,,,,,,,,,,,,,,,,,,,,,,,,,,,,,,,,,,,,,,,,,,,,,,,,,,,,,,,,,,,,,,,,,,,,,,,,,,,,,,,,,,,,,,,,,,,,,,,,,,,,,,,,,,,,,54.4,,,,,,,,,,,,,,,,,,,,,,,,,,,,,,,,100.0,,,,,,,,,,,,,,,,,,,,,,,,,,,,,,,,,,,,,,,,,,,,,,,,,,,,,,,,,,,,,,,,,,,,,,,,,,,,,,,,,,,,,,,,,,,,,,,,,,,,,,,,,,,,,,,,,,,
2002,,,,,,,,,,,,,,,,,,,,,,,,,,,,,,,,,,,,,,,,,,,,,,,,,,,,,,,,,,,,,,,,,,,,,,,,,,,,,,,,,,,,,,,,,,,,,,,,,,,,,,,,,,,,,,,,,,,,,,,,0.0,,,,,,,,,,,,,,,,,,,,,,,,,,,,,,,,,,,18.38235294,,,,,,,,,,,,,,,,,,,,,,,,,,,,,,,,,,,,,,,,,,,,,,,,,,,,,,,,,,,,,,,,,,30913.0,,,,,,,,,,,,,,,,,,,,,,,100.0,,,,,,,,,,,,,,,,,,,,,,,,,,,,,,,,,,,,,,,,,,,,,,,,,,,,,,,,,,,,,,,,,,,,,,,,,,,,,,,,,,,,,,,,,,,,,,,,,,,,,,,,,,,,,,,,,,,,,,,,,,,,,,,,,,,,,,,,,,,,,,,,,,,,,,,,,,,,,,,,,,,,,,,,,,,,,,,,,,,,,,,,,,,,,,,,,,,,,,100.0,,,,,,,,,,,,,,,,,,,,,,,,,,,,,,,100.0,,,,,,,,,,,,,,,,,,,,3.509247513,,,,1.83,,,,,,,,,,,,,,,,,,,,,,,,,,,,,,,,,,,,,,,,,,,,,,,,,,,,,77.17317073,,,,,,,,,,,,,,,0.0,99.0685119,,,,,,,,,,,,,,,,,,,,,,,,,,,,,,,,,,,,,,,,,,,,,,,,,,,,,,,,,,,,,,,,,,,,,,,,,,,,,,,,,,,,,,,,,,,,,,,,,,,,,,,,,,,,,,,,,,568.2536765,,,,,,,,,,,,,,,,,,,,,,,,,,,,74.1,,,,,,,,,,,,,,,0.0,99.0685119,,,,,,,,,,,,,,,,,,,,,,,,,,,,,,,,,,,,,,,,,,,17.3,,,,,,,,,,,,,,,,,,96.7,,,,,,,,,,,,,,,,,,,,,,,,,,,,,,,,,,,,,,,,,,,,,,,,,,,,,,,,,10.0,,,,,,,,,,,,,,,,,,,,,,,,0.0,,,,,,,,,,,,,,,,,,,,,,,,,,,,,,,,,,,,,,,,,,,,,,,,,,,,,,,,,,,3.5,,,,,,,,,,,,,,,,,,,,,,,,,,,,,,,,,,,,,,,,,,,,,,,,,,,,,,,,,,,,,,,,,,,,,,,,,,,96.7,,,,,,,,,,,,,,,,,,,,,,,,,,,,,,,,,,,,,,,,,,,,,,,,,,,,,,,,,,,,,,,,,,,,,,,,,,,,,,,,,,,,,,,,,,,,,,54.4,,,,,,,,,,,,,,,,,,,,,,,,,,,,,,,,,,,,,,,,,,80.4,,,,,,,,,,,,,,,,,,,,,,,,,,,,,,,,,,,,,,,,,,,,,,,,,,,,,,,,,,,,,,,,,,,,,,,,,,,,,,,,,,,,,,,,,,,,,,,,,,,,,,,,,,,,,,,,,,,,,,,,,,,,,,,,,,,,,,,,,,,,,,,,,,,,,,,,,,,,,,,,,,54.4,,,,,,,,,,,,,,,,,,,,,,,,,,,,,,,,100.0,,,,,,,,,,,,,,,,,,,,,,,,,,,,,,,,,,,,,,,,,,,,,,,,,,,,,,,,,,,,,,,,,,,,,,,,,,,,,,,,,,,,,,,,,,,,,,,,,,,,,,,,,,,,,,,,,,,
2003,,,,,,,,,,,,,,,,,,,,,,,,,,,,,,,,,,,,,,,,,,,,,,,,,,,,,,,,,,,,,,,,,,,,,,,,,,,,,,,,,,,,,,,,,,,,,,,,,,,,,,,,,,,,,,,,,,,,,,,,0.0,,,,,,,,,,,,,,,,,,,,,,,,,,,,,,,,,,,18.38235294,,,,,,,,,,,,,,,,,,,,,,,,,,,,,,,,,,,,,,,,,,,,,,,,,,,,,,,,,,,,,,,,,,32055.0,,,,,,,,,,,,,,,,,,,,,,,100.0,,,,,,,,,,,,,,,,,,,,,,,,,,,,,,,,,,,,,,,,,,,,,,,,,,,,,,,,,,,,,,,,,,,,,,,,,,,,,,,,,,,,,,,,,,,,,,,,,,,,,,,,,,,,,,,,,,,,,,,,,,,,,,,,,,,,,,,,,,,,,,,,,,,,,,,,,,,,,,,,,,,,,,,,,,,,,,,,,,,,,,,,,,,,,,,,,,,,,,100.0,,,,,,,,,,,,,,,,,,,,,,,,,,,,,,,100.0,,,,,,,,,,,,,,,,,,,,3.627637004,,,,1.83,,,,,,,,,,,,,,,,,,,,,,,,,,,,,,,,,,,,,,,,,,,,,,,,,,,,,77.37317073,,,,,,,,,,,,,,,0.0,99.0685119,,,,,,,,,,,,,,,,,,,,,,,,,,,,,,,,,,,,,,,,,,,,,,,,,,,,,,,,,,,,,,,,,,,,,,,,,,,,,,,,,,,,,,,,,,,,,,,,,,,,,,,,,,,,,,,,,,589.2463235,,,,,,,,,,,,,,,,,,,,,,,,,,,,74.3,,,,,,,,,,,,,,,0.0,99.0685119,,,,,,,,,,,,,,,,,,,,,,,,,,,,,,,,,,,,,,,,,,,17.3,,,,,,,,,,,,,,,,,,96.7,,,,,,,,,,,,,,,,,,,,,,,,,,,,,,,,,,,,,,,,,,,,,,,,,,,,,,,,,10.0,,,,,,,,,,,,,,,,,,,,,,,,0.0,,,,,,,,,,,,,,,,,,,,,,,,,,,,,,,,,,,,,,,,,,,,,,,,,,,,,,,,,,,3.6,,,,,,,,,,,,,,,,,,,,,,,,,,,,,,,,,,,,,,,,,,,,,,,,,,,,,,,,,,,,,,,,,,,,,,,,,,,96.7,,,,,,,,,,,,,,,,,,,,,,,,,,,,,,,,,,,,,,,,,,,,,,,,,,,,,,,,,,,,,,,,,,,,,,,,,,,,,,,,,,,,,,,,,,,,,,54.4,,,,,,,,,,,,,,,,,,,,,,,,,,,,,,,,,,,,,,,,,,80.6,,,,,,,,,,,,,,,,,,,,,,,,,,,,,,,,,,,,,,,,,,,,,,,,,,,,,,,,,,,,,,,,,,,,,,,,,,,,,,,,,,,,,,,,,,,,,,,,,,,,,,,,,,,,,,,,,,,,,,,,,,,,,,,,,,,,,,,,,,,,,,,,,,,,,,,,,,,,,,,,,,54.4,,,,,,,,,,,,,,,,,,,,,,,,,,,,,,,,100.0,,,,,,,,,,,,,,,,,,,,,,,,,,,,,,,,,,,,,,,,,,,,,,,,,,,,,,,,,,,,,,,,,,,,,,,,,,,,,,,,,,,,,,,,,,,,,,,,,,,,,,,,,,,,,,,,,,,
2004,,,,,,,,,,,,,,,,,,,,,,,,,,,,,,,,,,,,,,,,,,,,,,,,,,,,,,,,,,,,,,,,,,,,,,,,,,,,,,,,,,,,,,,,,,,,,,,,,,,,,,,,,,,,,,,,,,,,,,,,0.0,,,,,,,,,,,,,,,,,,,,,,,,,,,,,,,,,,,18.38235294,,,,,,,,,,,,,,,,,,,,,,,,,,,,,,,,,,,,,,,,,,,,,,,,,,,,,,,,,,,,,,,,,,33187.0,,,,,,,,,,,,,,,,,,,,,,,100.0,,,,,,,,,,,,,,,,,,,,,,,,,,,,,,,,,,,,,,,,,,,,,,,,,,,,,,,,,,,,,,,,,,,,,,,,,,,,,,,,,,,,,,,,,,,,,,,,,,,,,,,,,,,,,,,,,,,,,,,,,,,,,,,,,,,,,,,,,,,,,,,,,,,,,,,,,,,,,,,,,,,,,,,,,,,,,,,,,,,,,,,,,,,,,,,,,,,,,,100.0,,,,,,,,,,,,,,,,,,,,,,,,,,,,,,,100.0,,,,,,,,,,,,,,,,,,,,3.470505554,,,,1.83,,,,,,,,,,,,,,,,,,,,,,,,,,,,,,,,,,,,,,,,,,,,,,,,,,,,,77.52195122,,,,,,,,,,,,,,,0.0,99.0685119,,,,,,,,,,,,,,,,,,,,,,,,,,,,,,,,,,,,,,,,,,,,,,,,,,,,,,,,,,,,,,,,,,,,,,,,,,,,,,,,,,,,,,,,,,,,,,,,,,,,,,,,,,,,,,,,,,610.0551471,,,,,,,,,,,,,,,,,,,,,,,,,,,,74.4,,,,,,,,,,,,,,,0.0,99.0685119,,,,,,,,,,,,,,,,,,,,,,,,,,,,,,,,,,,,,,,,,,,17.4,,,,,,,,,,,,,,,,,,96.7,,,,,,,,,,,,,,,,,,,,,,,,,,,,,,,,,,,,,,,,,,,,,,,,,,,,,,,,,10.0,,,,,,,,,,,,,,,,,,,,,,,,0.0,,,,,,,,,,,,,,,,,,,,,,,,,,,,,,,,,,,,,,,,,,,,,,,,,,,,,,,,,,,3.6,,,,,,,,,,,,,,,,,,,,,,,,,,,,,,,,,,,,,,,,,,,,,,,,,,,,,,,,,,,,,,,,,,,,,,,,,,,96.7,,,,,,,,,,,,,,,,,,,,,,,,,,,,,,,,,,,,,,,,,,,,,,,,,,,,,,,,,,,,,,,,,,,,,,,,,,,,,,,,,,,,,,,,,,,,,,54.4,,20.0,,,,,,,,,,,,,,,,,,,,,,,,,,,,,,,,,,,,,,,,80.8,,,,,,,,,,,,,,,,,,,,,,,,,,,,,,,,,,,,,,,,,,,,,,,,,,,,,,,,,,,,,,,,,,,,,,,,,,,,,,,,,,,,,,,,,,,,,,,,,,,,,,,,,,,,,,,,,,,,,,,,,,,,,,,,,,,,,,,,,,,,,,,,,,,,,,,,,,,,,,,,,,54.4,,,,,,,,,,,,,,,,,,,,,,,,,,,,,,,,100.0,,,,,,,,,,,,,,,,,,,,,,,,,,,,,,,,,,,,,,,,,,,,,,,,,,,,,,,,,,,,,,,,,,,,,,,,,,,,,,,,,,,,,,,,,,,,,,,,,,,,,,,,,,,,,,,,,,,
2005,,,,,,,,,,,,,,,,,,,,,,,,,,,,,,,,,,,,,,,,,,,,,,,,,,,,,,,,,,,,,,,,,,,,,,,,,,,,,,,,,,,,,,,,,,,,,,,,,,,,,,,,,,,,,,,,,,,,,,,,0.0,,,,,,,,,,,,,,,,,,,,,,,,,,,,,,,,,,,18.38235294,,,,,,,,,,,,,,,,,,,,,,,,,,,,,,,,,,,,,,,,,,,,,,,,,,,,,,,,,,,,,,,,,,34252.0,,,,,,,,,,,,,,,,,,,,,,,100.0,,,,,,,,,,,,,,,,,,,,,,,,,,,,,,,,,,,,,,,,,,,,,,,,,,,,,,,,,,,,,,,,,,,,,,,,,,,,,,,,,,,,,,,,,,,,,,,,,,,,,,,,,,,,,,,,,,,,,,,,,,,,,,,,,,,,,,,,,,,,,,,,,,,,,,,,,,,,,,,,,,,,,,,,,,,,,,,,,,,,,,,,,,,,,,,,,,,,,,100.0,,,,,,,,,,,,,,,,,,,,,,,,,,,,,,,100.0,,,,,,,,,,,,,,,,,,,,3.158672419,,,,1.83,,,,,,,,,,,,,,,,,,,,,,,,,,,,,,,,,,,,,,,,,,,,,,,,,,,,,77.67317073,,,,,,,,,,,,,,,0.0,99.1363178,,,,,,,,,,,,,,,,,,,,,,,,,,,,,,,,,,,,,,,,,,,,,,,,,,,,,,,,,,,,,,,,,5.41875,,,,,,,,,,,,,,,,,,,,,,,,,,,,,,,,,,,,,,,,,,,,,,,,,629.6323529,,,,,,,,,,,,,,,,,,,,,,,,,,,,74.6,,,,,,,,,,,,,,,0.0,99.1363178,,,,,,,,,,,,,,,,,,,,,,,,,,,,,,,,,,,,,,,,,,,17.4,,,,,,,,,,,,,,,,,,96.7,,,,,,,,,,,,,,,,,,,,,,,,,,,,,,,,,,,,,,,,,,,,,,,,,,,,,,,,,10.0,,,,,,,,,,,,,,,,,,,,,,,,0.0,,,,,,,,,,,,,,,,,,,,,,,,,,,,,,,,,,,,,,,,,,,,,,,,,,,,,,,,,,,3.7,,,,,,,,,,,,,,,,,,,,,,,,,,,,,,,,,,,,,,,,,,,,,,,,,,,,,,,,,,,,,,,,,,,,,,,,,,,96.7,,,,,,,,,,,,,,,,,,,,,,,,,,,,,,,,,,,,,,,,,,,,,,,,,,,,,,,,,,,,,,,,,,,,,,,,,,,,,,,,,,,,,,,,,,,,,,54.4,,20.0,,,,,,,,,,,,,,,,,,,,,,,,,,,,,,,,,,,,,,,,80.9,,,,,,,,,,,,,,,,,,,,,,,,,,,,,,,,,,,,,,,,,,,,,,,,,,,,,,,,,,,,,,,,,,,,,,,,,,,,,,,,,,,,,,,,,,,,,,,,,,,,,,,,,,,,,,,,,,,,,,,,,,,,,,,,,,,,,,,,,,,,,,,,,,,,,,,,,,,,,,,,,,54.4,,,,,,,,,,,,,,,,,,,,,,,,,,,,,,,,100.0,,,,,,,,,,,,,,,,,,,,,,,,,,,,,,,,,,,,,,,,,,,,,,,,,,,,,,,,,,,,,,,,,,,,,,,,,,,,,,,,,,,,,,,,,,,,,,,,,,,,,,,,,,,,,,,,,,,
2006,,,,,,,,,,,,,,,,,,,,,,,,,,,,,,,,,,,,,,,,,,,,,,,,,,,,,,,,,,,,,,,,,,,,,,,,,,,,,,,,,,,,,,,,,,,,,,,,,,,,,,,,,,,,,,,,,,,,,,,,0.0,,,,,,,,,,,,,,,,,,,,,,,,,,,,,,,,,,,18.38235294,,,,,,,,,,,,,,,,,,,,,,,,,,,,,,,,,,,,,,,,,,,,,,,,,,,,,,,,,,,,,,,,,,35240.0,,,,,,,,,,,,,,,,,,,,,,,100.0,,,,,,,,,,,,,,,,,,,,,,,,,,,,,,,,,,,,,,,,,,,,,,,,,,,,,,,,,,,,,,,,,,,,,,,,,,,,,,,,,,,,,,,,,,,,,,,,,,,,,,,,,,,,,,,,,,,,,,,,,,,,,,,,,,,,,,,,,,,,,,,,,,,,,,,,,,,,,,,,,,,,,,,,,,,,,,,,,,,,,,,,,,,,,,,,,,,,,,100.0,,,,,,,,,,,,,,,,,,,,,,,,,,,,,,,100.0,,,,,,,,,,,,,,,,,,,,2.84368439,,,,1.82,,,,,,,,,,,,,,,,,,,,,,,,,,,,,,,,,,,,,,,,,,,,,,,,,,,,,77.87317073,,,,,,,,,,,,,,,0.0,99.2041237,,,,,,,,,,,,,,,,,,,,,,,,,,,,,,,,,,,,,,,,,,,,,,,,,,,,,,,,,,,,,,,,,5.41875,,,,,,,,,,,,,,,,,,,,,,,,,,,,,,,,,,,,,,,,,,,,,,,,,647.7941176,,,,,,,,,,,,,,,,,,,,,,,,,,,,74.8,,,,,,,,,,,,,,,0.0,99.2041237,,,,,,,,,,,,,,,,,,,,,,,,,,,,,,,,,,,,,,,,,,,17.4,,,,,,,,,,,,,,,,,,96.7,,,,,,,,,,,,,,,,,,,,,,,,,,,,,,,,,,,,,,,,,,,,,,,,,,,,,,,,,10.0,,,,,,,,,,,,,,,,,,,,,,,,0.0,,,,,,,,,,,,,,,,,,,,,,,,,,,,,,,,,,,,,,,,,,,,,,,,,,,,,,,,,,,3.7,,,,,,,,,,,,,,,,,,,,,,,,,,,,,,,,,,,,,,,,,,,,,,,,,,,,,,,,,,,,,,,,,,,,,,,,,,,96.7,,,,,,,,,,,,,,,,,,,,,,,,,,,,,,,,,,,,,,,,,,,,,,,,,,,,,,,,,,,,,,,,,,,,,,,,,,,,,,,,,,,,,,,,,,,,,,54.4,,20.0,,,,,,,,,,,,,,,,,,,,,,,,,,,,,,,,,,,,,,,,81.1,,,,,,,,,,,,,,,,,,,,,,,,,,,,,,,,,,,,,,,,,,,,,,,,,,,,,,,,,,,,,,,,,,,,,,,,,,,,,,,,,,,,,,,,,,,,,,,,,,,,,,,,,,,,,,,,,,,,,,,,,,,,,,,,,,,,,,,,,,,,,,,,,,,,,,,,,,,,,,,,,,54.4,,,,,,,,,,,,,,,,,,,,,,,,,,,,,,,,100.0,,,,,,,,,,,,,,,,,,,,,,,,,,,,,,,,,,,,,,,,,,,,,,,,,,,,,,,,,,,,,,,,,,,,,,,,,,,,,,,,,,,,,,,,,,,,,,,,,,,,,,,,,,,,,,,,,,,
2007,,,,,,,,,,,,,,,,,,,,,,,,,,,,,,,,,,,,,,,,,,,,,,,,,,,,,,,,,,,,,,,,,,,,,,,,,,,,,,,,,,,,,,,,,,,,,,,,,,,,,,,,,,,,,,,,,,,,,,,,0.0,,,,,,,,,,,,,,,,,,,,,,,,,,,,,,,,,,,18.38235294,,,,,,,,,,,,,,,,,,,,,,,,,,,,,,,,,,,,,,,,,,,,,,,,,,,,,,,,,,,,,,,,,,36138.0,,,,,,,,,,,,,,,,,,,,,,,100.0,,,,,,,,,,,,,,,,,,,,,,,,,,,,,,,,,,,,,,,,,,,,,,,,,,,,,,,,,,,,,,,,,,,,,,,,,,,,,,,,,,,,,,,,,,,,,,,,,,,,,,,,,,,,,,,,,,,,,,,,,,,,,,,,,,,,,,,,,,,,,,,,,,,,,,,,,,,,,,,,,,,,,,,,,,,,,,,,,,,,,,,,,,,,,,,,,,,,,,99.60758972,,,,,,,,,,,,,,,,,,,,,,,,,,,,,,,99.99740601,,,,,,,,,,,,,,,,,,,,2.516314222,,,,1.82,,,,,,,,,,,,,,,,,,,,,,,,,,,,,,,,,,,,,,,,,,,,,,,,,,,,,78.02195122,,,,,,,,,,,,,,,0.0,99.2719296,,,,,,,,,,,,,,,,,,,,,,,,,,,,,,,,,,,,,,,,,,,,,,,,,,,,,,,,,,,,,,,,,5.41875,,,,,,,,,,,,,,,,,,,,,,,,,,,,,,,,,,,,,,,,,,,,,,,,,664.3014706,,,,,,,,,,,,,,,,,,,,,,,,,,,,74.9,,,,,,,,,,,,,,,0.0,99.2719296,,,,,,,,,,,,,,,,,,,,,,,,,,,,,,,,,,,,,,,,,,,17.3,,,,,,,,,,,,,,,,,,96.7,,,,,,,,,,,,,,,,,,,,,,,,,,,,,,,,,,,,,,,,,,,,,,,,,,,,,,,,,10.0,,,,,,,,,,,,,,,,,,,,,,,,0.0,,,,,,,,,,,,,,,,,,,,,,,,,,,,,,,,,,,,,,,,,,,,,,,,,,,,,,,,,,,3.8,,,,,,,,,,,,,,,,,,,,,,,,,,,,,,,,,,,,,,,,,,,,,,,,,,,,,,,,,,,,,,,,,,,,,,,,,,,96.7,,,,,,,,,,,,,,,,,,,,,,,,,,,,,,,,,,,,,,,,,,,,,,,,,,,,,,,,,,,,,,,,,,,,,,,,,,,,,,,,,,,,,,,,,,,,,,54.4,,20.0,,,,,,,,,,,,,,,,,,,,,,,,,,,,,,,,,,,,,,,,81.3,,,,,,,,,,,,,,,,,,,,,,,,,,,,,,,,,,,,,,,,,,,,,,,,,,,,,,,,,,,,,,,,,,,,,,,,,,,,,,,,,,,,,,,,,,,,,,,,,,,,,,,,,,,,,,,,,,,,,,,,,,,,,,,,,,,,,,,,,,,,,,,,,,90.0,,,,,,,,,,,,,,,,54.4,,,,,,,,,,,,,,,,,,,,,,,,,,,,,,,,100.0,,,,,,,,,,,,,,,,,,,,,,,,,,,,,,,,,,,,,,,,,,,,,,,,,,,,,,,,,,,,,,,,,,,,,,,,,,,,,,,,,,,,,,,,,,,,,,,,,,90.0,,,,,,,,,,,,,,,,,
2008,,,,,,,,,,,,,,,,,,,,,,,,,,,,,,,,,,,,,,,,,,,,,,,,,,,,,,,,,,,,,,,,,,,,,,,,,,,,,,,,,,,,,,,,,,,,,,,,,,,,,,,,,,,,,,,,,,,,,,,,0.0,,,,,,,,,,,,,,,,,,,,,,,,,,,,,,,,,,,18.38235294,,,,,,,,,,,,,,,,,,,,,,,,,,,,,,,,,,,,,,,,,,,,,,,,,,,,,,,,,,,,,,,,,,36880.0,,,,,,,,,,,,,,,,,,,,,,,100.0,,,,,,,,,,,,,,,,,,,,,,,,,,,,,,,,,,,,,,,,,,,,,,,,,,,,,,,,,,,,,,,,,,,,,,,,,,,,,,,,,,,,,,,,,,,,,,,,,,,,,,,,,,,,,,,,,,,,,,,,,,,,,,,,,,,,,,,,,,,,,,,,,,,,,,,,,,,,,,,,,,,,,,,,,,,,,,,,,,,,,,,,,,,,,,,,,,,,,,99.6634903,,,,,,,,,,,,,,,,,,,,,,,,,,,,,,,99.9841156,,,,,,,,,,,,,,,,,,,,2.03244554,,,,1.82,,,,,,,,,,,,,,,,,,,,,,,,,,,,,,,,,,,,,,,,,,,,,,,,,,,,,78.22195122,,,,,,,,,,,,,,,0.0,99.3397355,,,,,,,,,,,,,,,,,,,,,,,,,,,,,,,,,,,,,,,,,,,,,,,,,,,,,,,,,,,,,,,,,5.41875,,,,,,,,,,,,,,,,,,,,,,,,,,,,,,,,,,,,,,,,,,,,,,,,,677.9411765,,,,,,,,,,,,,,,,,,,,,,,,,,,,75.1,,,,,,,,,,,,,,,0.0,99.3397355,,,,,,,,,,,,,,,,,,,,,,,,,,,,,,,,,,,,,,,,,,,17.2,,,,,,,,,,,,,,,,,,96.7,,,,,,,,,,,,,,,,,,,,,,,,,,,,,,,,,,,,,,,,,,,,,,,,,,,,,,,,,10.0,,,,,,,,,,,,,,,,,,,,,,,,0.0,,,,,,,,,,,,,,,,,,,,,,,,,,,,,,,,,,,,,,,,,,,,,,,,,,,,,,,,,,,3.8,,,,,,,,,,,,,,,,,,,,,,,,,,,,,,,,,,,,,,,,,,,,,,,,,,,,,,,,,,,,,,,,,,,,,,,,,,,96.7,,,,,,,,,,,,,,,,,,,,,,,,,,,,,,,,,,,,,,,,,,,,,,,,,,,,,,,,,,,,,,,,,,,,,,,,,,,,,,,,,,,,,,,,,,,,,,54.4,,20.0,,,,,,,,,,,,,,,,,,,,,,,,,,,,,,,,,,,,,,,,81.5,,,,,,,,,,,,,,,,,,,,,,,,,,,,,,,,,,,,,,,,,,,,,,,,,,,,,,,,,,,,,,,,,,,,,,,,,,,,,,,,,,,,,,,,,,,,,,,,,,,,,,,,,,,,,,,,,,,,,,,,,,,,,,,,,,,,,,,,,,,,,,,,,,90.0,,,,,,,,,,,,,,,,54.4,,,,,,,,,,,,,,,,,,,,,,,,,,,,,,,,100.0,,,,,,,,,,,,,,,,,,,,,,,,,,,,,,,,,,,,,,,,,,,,,,,,,,,,,,,,,,,,,,,,,,,,,,,,,,,,,,,,,,,,,,,,,,,,,,,,,,90.0,,,,,,,,,,,,,,,,,
2009,,,,,,,,,,,,,,,,,,,,,,,,,,,,,,,,,,,,,,,,,,,,,,,,,,,,,,,,,,,,,,,,,,,,,,,,,,,,,,,,,,,,,,,,,,,,,,,,,,,,,,,,,,,,,,,,,,,,,,,,0.0,,,,,,,,,,,,,,,,,,,,,,,,,,,,,,,,,,,18.38235294,,,,,,,,,,,,,,,,,,,,,,,,,,,,,,,,,,,,,,,,,,,,,,,,,,,,,,,,,,,,,,,,,,37380.0,,,,,,,,,,,,,,,,,,,,,,,100.0,,,,,,,,,,,,,,,,,,,,,,,,,,,,,,,,,,,,,,,,,,,,,,,,,,,,,,,,,,,,,,,,,,,,,,,,,,,,,,,,,,,,,,,,,,,,,,,,,,,,,,,,,,,,,,,,,,,,,,,,,,,,,,,,,,,,,,,,,,,,,,,,,,,,,,,,,,,,,,,,,,,,,,,,,,,,,,,,,,,,,,,,,,,,,,,,,,,,,,99.72878265,,,,,,,,,,,,,,,,,,,,,,,,,,,,,,,99.95490265,,,,,,,,,,,,,,,,,,,,1.346640334,,,,1.82,,,,,,,,,,,,,,,,,,,,,,,,,,,,,,,,,,,,,,,,,,,,,,,,,,,,,78.37317073,,,,,,,,,,,,,,,0.0,99.4075414,,,,,,,,,,,,,,,,,,,,,,,,,,,,,,,,,,,,,,,,,,,,,,,,,,,,,,,,,,,,,,,,,5.41875,,,,,,,,,,,,,,,,,,,,,,,,,,,,,,,,,,,,,,,,,,,,,,,,,687.1323529,,,,,,,,,,,,,,,,,,,,,,,,,,,,75.3,,,,,,,,,,,,,,,0.0,99.4075414,,,,,,,,,,,,,,,,,,,,,,,,,,,,,,,,,,,,,,,,,,,17.0,,,,,,,,,,,,,,,,,,96.7,,,,,,,,,,,,,,,,,,,,,,,,,,,,,,,,,,,,,,,,,,,,,,,,,,,,,,,,,10.0,,,,,,,,,,,,,,,,,,,,,,,,0.0,,,,,,,,,,,,,,,,,,,,,,,,,,,,,,,,,,,,,,,,,,,,,,,,,,,,,,,,,,,3.8,,,,,,,,,,,,,,,,,,,,,,,,,,,,,,,,,,,,,,,,,,,,,,,,,,,,,,,,,,,,,,,,,,,,,,,,,,,96.7,,,,,,,,,,,,,,,,,,,,,,,,,,,,,,,,,,,,,,,,,,,,,,,,,,,,,,,,,,,,,,,,,,,,,,,,,,,,,,,,,,,,,,,,,,,,,,54.4,,20.0,,,,,,,,,,,,,,,,,,,,,,,,,,,,,,,,,,,,,,,,81.6,,,,,,,,,,,,,,,,,,,,,,,,,,,,,,,,,,,,,,,,,,,,,,,,,,,,,,,,,,,,,,,,,,,,,,,,,,,,,,,,,,,,,,,,,,,,,,,,,,,,,,,,,,,,,,,,,,,,,,,,,,,,,,,,,,,,,,,,,,,,,,,,,,90.0,,,,,,,,,,,,,,,,54.4,,,,,,,,,,,,,,,,,,,,,,,,,,,,,,,,100.0,,,,,,,,,,,,,,,,,,,,,,,,,,,,,,,,,,,,,,,,,,,,,,,,,,,,,,,,,,,,,,,,,,,,,,,,,,,,,,,,,,,,,,,,,,,,,,,,,,90.0,,,,,,,,,,,,,,,,,
2010,,,,,,,,,,,,,,,,,,,,,,,,,,,,,,,,,,,,,,,,,,,,,,,,,,,,,,,,,,,,,,,,,,,,,,,,,,,,,,,,,,,,,,,,,,,,,,,,,,,,,,,,,,,,,,,,,,,,,,,,0.0,,,,,,,,,,,,,,,,,,,,,,,,,,,,,,,,,,,22.79411765,,,,,,,,,,,,,,,,,,,,,,,,,,,,,,,,,,,,,,,,,,,,,,,,,,,,,,,,,,,,,,,,,,37582.0,,,,,,,,,,,,,,,,,,,,,,,100.0,,,,,,,,,,,,,,,,,,,,,,,,,,,,,,,,,,,,,,,,,,,,,,,,,,,,,,,,,,,,,,,,,,,,,,,,,,,,,,,,,,,,,,,,,,,,,,,,,,,,,,,,,,,,,,,,,,,,,,,,,0.0,,,,,,,,,,,,,,,,,,,,,,,,,,,,,,,,,,,,,,,,,,,,,,,,,,,,,,,,,,,,,,,,,,,,,,,,,,,,,100.0,,,,,,,,,,,,,,,,,,,,,,,,,,,,,,,100.0,,,,,,,,,,,,,,,,,,,,0.538941034,,,,1.82,,,,,,,,,,,,,,,,,,,,,,,,,,,,,,,,,,,,,,,,,,,,,,,,,,,,,78.52195122,,,,,,,,,,,,,,,0.0,99.47534731,,,,,,,,,,,,,,,,,,,,,,,,,,,,,,,,,,,,,,,,,,,,,,,,,,,,,,,,,,,,,,,,,5.11875,,,,,,,,,,,,,,,,,,,100.0,,,,,,,,,,,,,,,,,,,,,,,,,,,,,,690.8455882,,,,,,,,,,,,,,,,,,,,,,,,,,,,75.4,,,,,,,,,,,,,,,0.0,99.47534731,,,,,,,,,,,,,,,,,,,,,,,,,,,,,,,,,,,,,,,,,,,16.8,,,,,,,,,,,,,,,,,,96.7,,,,,,,,,,,,,,,,,,,,,,,,,,,,,,,,,,,,,,,,,,,,,,,,,,,,,,,,,12.4,,,,,,,,,,,,,,,,,,,,,,,,0.0,,,,,,,,,,,,,,,,,,,,,,,,,,,,,,,,,,,,,,,,,,,,,,,,,,,,,,,,,,,3.9,,,,,,,,,,,,,,,,,,,,,,,,,,,,,,,,,,,,,,,,,,,,,,,,,,,,,,,,,,,,,,,,,,,,,,,,,,,96.7,,,,,,,,,,,,,,,,,,,,,,,,,,,,,,,,,,,,,,,,,,,,,,,,,,,,,,,,,,,,,,,,,,,,,,,,,,,,,,,,,,,,,,,,,,,,,,54.4,,20.0,,,,,,,,,,,,,,,,,,,,,,,,,,,,,,,,,,,,,,,,81.8,,,,,,,,,,,,,,,,,,,,,,,,,,,,,,,,,,,,,,,,,,,,,,0.0,,,,,,,,,,,,,,,,,,,,,,,,,,,,,,,,,,,,,,,,,,,,,,,,,,,,,,,,,,,,,,,,,,,,,,,,,,,,,,,,,,,,,,,,,,,,,,,,,,,,90.0,,,,,,,,,,,,,,,,54.4,,,,,,,,,,,,,,,,,,,,,,,,,,,,,,,,100.0,,,,,,,,,,,,,,,,,,,,,,,,,,,,,,,,,,,,,,,,,,,,,,,,,,,,,,,,,,,,,,,,,,,,,,,,,,,,,,,,,,,,,,,,,,,,,,,,,,90.0,,,,,,,,,,,,,,,,,
2011,,,,,,,,,,,,,,,,,,,,,,,,,,,,21.36124536,,,,,,,,,,,,,,,,,,,,,,,,,,,,,,,,,,,,,,,,,,,,,,,,,,,,,,,,,,,,,,,,,,,,,,,,,,,,,,,,,,,,,,,,,,,,0.0,,,,,,,,,,,,,,,,,,,,,,,,,,,,,,,,,,,24.8,,,,,,,,,,,,,,,,,,,,,,,,,,,,,,,,,,,,,,,,,,,,,,,,,,,,,,,,,,,,,,,,,,37451.0,,,,,,,,,,,,,,,,,,,,,,,100.0,,,,,,,,,,,,,,,,,,,,,,,,,,,,,,,,,,,,,,,,,,,,,,,,,,,,,,,,,,,,,,,,,,,,,,,,,,,,,,,,,,,,,,,,,,,,,,,,,,,,,,,,,,,,,,,,,,,,,,,,,0.0,,,,,,,,,,,,,,,,,,,,,,,,,,,,,,,,,,,,,,,,,,,,,,,,,,,,,,,,,,,,,,,,,,,,,,,,,,,,,100.0,,,,,,,,,,,,,,,,,,,,,,,,,,,,,,,100.0,,,,,,,,,,,,,,,,,,,,-0.349180049,,,,1.82,,,,,,,,,,,,,,,,,,,,,,,,,,,,,,,,,,,,,,,,,,,,,,,,,,,,,78.72195122,,,,,,,,,,,,,,,0.0,99.54315321,,,,,,,,,,,,,,,,,,,,,,,,,,,,,,,,,,,,,,,,,,,,,,,,,,,,,,,,,,,,,,,,,5.11875,,,,,,,,,,,,,,,,,,,100.0,,,,,,,,,,,,,,,,,,,,,,,,,,,,,,749.02,,,,,,,,,,,,,,,,,,127000000.0,,,,,,,,,,75.6,,,,,,,,,,,,,,,0.0,99.54315321,,,,,,,,,,,,,,,,,,,,,,,,,,,,,,,,,,,,,,,,,,,16.6,,,,,,,,,,,,,,,,,,96.7,,,,,,,,,,,,,,,,,14883.44771,,,,,,,,,,,,,,,,,,,,,,,,,,,,,,,,,,,,,,,,12.4,,,,,,,,,,,,,,,,,,,,,,,,0.0,,,,,,,,,,,,,,,,,,,,,,,,,,,,,,,,,,,,,,,,,,,,,,,,,,,,,,,,,,,4.0,,,,,,,,,,,,,,,,,,,,,,,,,,,,,,,,,,,,,,,,,,,,,,,,,,,,,,,,,,,,,,,,,,,,,,,,,,,96.7,,,,,,,,,,,,,,,,,,,,,,,,,,,,,,,,,,,,,,,,,,,,,,,,,,,,,,,,,,,,,,,,,,,,,,,,,,,,,,,,,,,,,,,,,,,,,,50.0,,20.0,,,,,,,,,,,,,,,,,,,,,,,,,,,,,,,,,,,,,,,,82.0,,,,,,,,,,,,,,,,,,,,,,,,,,,,,,,,,,,,557400000.0,,,,,,,,,,0.0,,,,,,,,,,,,,,,,,,,,,,,,,,,,,,,,,,,,,,,,,,,,,,,,,,,,,,,,,,,,,,,,,,,,,,,,,,,,,,,,,,,,,,,,,,,,,,,,,,,,90.0,,,,,,,,,,,,,,,,50.0,,,,,734000000.0,,,,,,,,,,,,,,,,,,,,,,,,,,,100.0,,,,,,,,,,,,,,,,,,,,,,,,,,,,,,,,,,,,,,,,,,,,,,,,,,,,,,,,,,,,,,,,,,,,,,,,,,,,,,,,,,,,,,,,,,,,,,,,,,90.0,,,,,,,,,,,,,,,,,
2012,,,,,,,,,,,,,,,,,,,,,,,,,,,,5.403652869,,,,,,,,,,,,,,,,,,,,,,,,,,,,,,,,,,,,,,,,,,,,,,,,,,,,,,,,,,,,,,,,,,,,,,,,,,,,,,,,,,,,,,,,,,,,0.0,,,,,,,,,,,,,,,,,,,,,,,,,,,,,,,,,,,24.8,,,,,,,,,,,,,,,,,,,,,,,,,,,,,,,,,,,,,,,,,,,,,,,,,,,,,,,,,,,,,,,,,,37012.0,,,,,,,,,,,,,,,,,,,,,,,100.0,,,,,,,,,,,,,,,,,,,,,,,,,,,,,,,,,,,,,,,,,,,,,,,,,,,,,,,,,,,,,,,,,,,,,,,,,,,,,,,,,,,,,,,,,,,,,,,,,,,,,,,,,,,,,,,,,,,,,,,,,1.0,,,,,,,,,,,,,,,,,,,,,,,,,,,,,,,,,,,,,,,,,,,,,,,,,,,,,,,,,,,,,,,,,,,,,,,,,,,,,100.0,,,,,,,,,,,,,,,,,,,,,,,,,,,,,,,100.0,,,,,,,,,,,,,,,,,,,,-1.179122749,,,,1.82,,,,,,,,,,,,,,,,,,,,,,,,,,,,,,,,,,,,,,,,,,,,,,,,,,,,,78.87317073,,,,,,,,,,,,,,,0.0,99.61095911,,,,,,,,,,,,,,,,,,,,,,,,,,,,,,,,,,,,,,,,,,,,,,,,,,,,,,,,,,,,,,,,,4.89375,,,,,,,,,,,,,,,,,,,100.0,,,,,,,,,,,,,,,,,,,,,,,,,,,,,,740.24,,,,,,,,,,,,,,,,,,131000000.0,,,,,,,,,,75.8,,,,,,,,,,,,,,,0.0,99.61095911,,,,,,,,,,,,,,,,,,,,,,,,,,,,,,,,,,,,,,,,,,,16.3,,,,,,,,,,,,,,,,,,96.7,,,,,,,,,,,,,,,,,,,,,,,,,,,,,,,,,,,,,,,,,,,,,,,,,,,,,,,,,12.4,,,,,,,,,,,,,,,,,,,,,,,,0.0,,,,,,,,,,,,,,,,,,,,,,,,,,,,,,,,,,,,,,,,,,,,,,,,,,,,,,,,,,,4.0,,,,,,,,,,,,,,,,,,,,,,,,,,,,,,,,,,,,,,,,,,,,,,,,,,,,,,,,,,,,,,,,,,,,,,,,,,,96.7,,,,,,,,,,,,,,,,,,,,,,,,,,,,,,,,,,,,,,,,,,,,,,,,,,,,,,,,,,,,,,,,,,,,,,,,,,,,,,,,,,,,,,,,,,,,,,50.0,,20.0,,,,,,,,,,,,,,,,,,,,,,,,,,,,,,,,,,,,,,,,82.1,,,,,,,,,,,,,,,,,,,,,,,,,,,,,,,,,,,,,,,,,,,,,,27.01826435,,,,,,,,,,,,,,,,,,,,,,,,,,,,,,,,,,,,,,,,,,,,,,,,,,,,,,,,,,,,,,,,,,,,,,,,,,,,,,,,,,,,,,,,,,,,,,,,,,,,90.0,,,,,,,,,,,,,,,,50.0,,,,,768000000.0,,,,,,,,,,,,,,,,,,,,,,,,,,,100.0,,,,,,,,,,,,,,,,,,,,,,,,,,,,,,,,,,,,,,,,,,,,,,,,,,,,,,,,,,,,,,,,,,,,,,,,,,,,,,,,,,,,,,,,,,,,,,,,,,90.0,,,,,,,,,,,,,,,,,
2013,,,,,,,,,,,,,,,,,,,,,,,,,,,,21.94305777,,,,,,,,,,,,,,,,,,,,,,,,,,,,,,,,,,,,,,,,,,,,,,,,,,,,,,,,,,,,,,,,,,,,,,,,,,,,,,,,,,,,,,,,,,,,0.0,,,,,,,,,,,,,,,,,,,,,,,,,,,,,,,,,,,24.8,,,,,,,,,,,,,,,,,,,,,,,,,,,,,,,,,,,,,,,,,,,,,,,,,,,,,,,,,,,,,,,,,,36458.0,,,,,,,,,,,,,,,,,,,,,,,100.0,,,,,,,,,,,,,,,,,,,,,,,,,,,,,,,,,,,,,,,,,,,,,,,,,,,,,,,,,,,,,,,,,,,,,,,,,,,,,,,,,,,,,,,,,,,,,,,,,,,,,,,,,,,,,,,,,,,,,,,,,2.0,,,,,,,,,,,,,,,,,,,,,,,,,,,,,,,,,,,,,,,,,,,,,,,,,,,,,,,,,,,,,,,,,,,,,,,,,,,,,100.0,,,,,,,,,,,,,,,,,,,,,,,,,,,,,,,100.0,,,,,,,,,,,,,,,,,,,,-1.508127128,,,,1.81,,,,,,,,,,,,,,,,,,,,,,,,,,,,,,,,,,,,,,,,,,,,,,,,,,,,,79.02195122,,,,,,,,,,,,,,,0.0,99.67876501,,,,,,,,,,,,,,,,,,,,,,,,,,,,,,,,,,,,,,,,,,,,,,,,,,,,,,,,,,,,,,,,,4.89375,,,,,,,,,,,,,,,,,,,100.0,,,,,,,,,,,,,,,,,,,,,,,,,,,,,,729.16,,,,,,,,,,,,,,,,,,164000000.0,,,,,,,,,,75.9,,,,,,,,,,,,,,,0.0,99.67876501,,,,,,,,,,,,,,,,,,,,,,,,,,,,,,,,,,,,,,,,,,,16.0,,,,,,,,,,,,,,,,,,96.7,,,,,,,,,,,,,,,,,,,,,,,,,,,,,,,,,,,,,,,,,,,,,,,,,,,,,,,,,12.4,,,,,,,,,,,,,,,,,,,,,,,,0.0,,,,,,,,,,,,,,,,,,,,,,,,,,,,,,,,,,,,,,,,,,,,,,,,,,,,,,,,,,,4.0,,,,,,,,,,,,,,,,,,,,,,,,,,,,,,,,,,,,,,,,,,,,,,,,,,,,,,,,,,,,,,,,,,,,,,,,,,,96.7,,,,,,,,,,,,,,,,,,,,,,,,,,,,,,,,,,,,,,,,,,,,,,,,,,,,,,,,,,,,,,,,,,,,,,,,,,,,,,,,,,,,,,,,,,,,,,50.0,,20.0,,,,,,,,,,,,,,,,,,,,,,,,,,,,,,,,,,,,,,,,82.3,,,,,,,,,,,,,,,,,,,,,,,,,,,,,,,,,,,,,,,,,,,,,,54.85764441,,,,,,,,,,,,,,,,,,,,,,,,,,,,,,,,,,,,,,,,,,,,,,,,,,,,,,,,,,,,,,,,,,,,,,,,,,,,,,,,,,,,,,,,,,,,,,,,,,,,90.0,,,,,,,,,,,,,,,,50.0,,,,,925000000.0,,,,,,,,,,,,,,,,,,,,,,,,,,,100.0,,,,,,,,,,,,,,,,,,,,,,,,,,,,,,,,,,,,,,,,,,,,,,,,,,,,,,,,,,,,,,,,,,,,,,,,,,,,,,,,,,,,,,,,,,,,,,,,,,90.0,,,,,,,,,,,,,,,,,
2014,,,,,,,,,,,,,,,,,,,,,,,,,,,,22.21111666,,,,,,,,,,,,,,,,,,,,,,,,,,,,,,,,,,,,,,,,,,,,,,,,,,,,,,,,,,,,,,,,,,,,,,,,,,,,,,,,,,,,,,,,,,,,0.0,,,,,,,,,,,,,,,,,,,,,,,,,,,,,,,,,,,24.8,,,,,,,,,,,,,,,,,,,,,,,,,,,,,,,,,,,,,,,,,,,,,,,,,,,,,,,,,,,,,,,,,,36018.0,,,,,,,,,,,,,,,,,,,,,,,99.9998999,,,,,,,,,,,,,,,,,,,,,,,,,,,,,,,,,,,,,,,,,,,,,,,,,,,,,,,,,,,,,,,,,,,,,,,,,,,,,,,,,,,,,,,,,,,,,,,,,,,,,,,,,,,,,,,,,,,,,,,,,2.0,,,,,,,,,,,,,,,,,,,,,,,,,,,,,,,,,,,,,,,,,,,,,,,,,,,,,,,,,,,,,,,,,,,,,,,,,,,,,100.0,,,,,,,,,,,,,,,,,,,,,,,,,,,,,,,100.0,,,,,,,,,,,,,,,,,,,,-1.214209961,,,,1.81,,,,,,,,,,,,,,,,,,,,,,,,,,,,,,,,,,,,,,,,,,,,,,,,,,,,,79.17317073,,,,,,,,,,,,,,,0.0,99.74657091,,,,,,,,,,,,,,,,,,,,,,,,,,,,,,,,,,,,,,,,,,,,,,,,,,,,,,,,,,,,,,,,,4.89375,,,,,,,,,,,,,,,,,,,100.0,,,,,,,,,,,,,,,,,,,,,,,,,,,,,,720.36,,,,,,,,,,,,,,,,,,132000000.0,,,,,,,,,,76.1,,,,,,,,,,,,,,,0.0,99.74657091,,,,,,,,,,,,,,,,,,,,,,,,,,,,,,,,,,,,,,,,,,,15.7,,,,,,,,,,,,,,,,,,96.6999032,,,,,,,,,,,,,,,,,16153.03459,,,,,,,,,,,,,,,,,,,,,,,,,,,,,,,,,,,,,,,,12.4,,,,,,,,,,,,,,,,,,,,,,,,0.0,,,,,,,,,,,,,,,,,,,,,,,,,,,,,,,,,,,,,,,,,,,,,,,,,,,,,,,,,,,4.1,,,,,,,,,,,,,,,,,,,,,,,,,,,,,,,,,,,,,,,,,,,,,,,,,,,,,,,,,,,,,,,,,,,,,,,,,,,96.6999032,,,,,,,,,,,,,,,,,,,,,,,,,,,,,,,,,,,,,,,,,,,,,,,,,,,,,,,,,,,,,,,,,,,,,,,,,,,,,,,,,,,,,,,,,,,,,,50.0,,20.0,,,,,,,,,,,,,,,,,,,,,,,,,,,,,,,,,,,,,,,,82.4,,,,,,,,,,,,,,,,,,,,,,,,,,,,,,,,,,,,581800000.0,,,,,,,,,,55.52779166,,,,,,,,,,,,,,,,,,,,,,,,,,,,,,,,,,,,,,,,,,,,,,,,,,,,,,,,,,,,,,,,,,,,,,,,,,,,,,,,,,,,,,,,,,,,,,,,,,,,90.0,,,,,,,,,,,,,,,,50.0,,,,,1013000000.0,,,,,,,,,,,,,,,,,,,,,,,,,,,99.9998999,,,,,,,,,,,,,,,,,,,,,,,,,,,,,,,,,,,,,,,,,,,,,,,,,,,,,,,,,,,,,,,,,,,,,,,,,,,,,,,,,,,,,,,,,,,,,,,,,,90.0,,,,,,,,,,,,,,,,,
2015,,,,,,,,,,,,,,,,,,,,,,,,,,,,16.72940192,,,,,,,,,,,,,,,,,,,,,,,,,,,,,,,,,,,,,,,,,,,,,,,,,,,,,,,,,,,,,,,,,,,,,,,,,,,,,,,,,,,,,,,,,,,,0.0,,,,,,,,,,,,,,,,,,,,,,,,,,,,,,,,,,,24.8,,,,,,,,,,,,,,,,,,,,,,,,,,,,,,,,,,,,,,,,,,,,,,,,,,,,,,,,,,,,,,,,,,35865.0,,,,,,,,,,,,,,,,,,,,,,,99.9997742,,,,,,,,,,,,,,,,,,,,,,,,,,,,,,,,,,,,,,,,,,,,,,,,,,,,,,,,,,,,,,,,,,,,,,,,,,,,,,,,,,,,,,,,,,,,,,,,,,,,,,,,,,,,,,,,,,,,,,,,,4.0,,,,,,,,,,,,,,,,,,,,,,,,,,,,,,,,,,,,,,,,,,,,,,,,,,,,,,,,,,,,,,,,,,,,,,,,,,,,,100.0,,,,,,,,,,,,,,,,,,,,,,,,,,,,,,,100.0,,,,,,,,,,,,,,,,,,,,-0.425692392,,,,1.81,,,,,,,,,,,,,,,,,,,,,,,,,,,,,,,,,,,,,,,,,,,,,,,,,,,,,79.32195122,,,,,,,,,,,,,,,0.0,99.81437681,,,,,,,,,,,,,,,,,,,,,,,,,,,,,,,,,,,,,,,,,,,,,,,,,,,,,,,,,,,,,,,,,4.89375,,,,,,,,,,,,,,,,,,,100.0,,,,,,,,,,,,,,,,,,,,,,,,,,,,,,717.3,,,,,,,,,,,,,,,,,,129000000.0,,,,,,,,,,76.2,,,,,,,,,,,,,,,0.0,99.81437681,,,,,,,,,,,,,,,,,,,,,,,,,,,,,,,,,,,,,,,,,,,15.5,,,,,,,,,,,,,,,,,,96.69978165,,,,,,,,,,,,,,,,,,,,,,,,,,,,,,,,,,,,,,,,,,,,,,,,,,,,,,,,,12.4,,,,,,,,,,,,,,,,,,,,,,,,0.0,,,,,,,,,,,,,,,,,,,,,,,,,,,,,,,,,,,,,,,,,,,,,,,,,,,,,,,,,,,4.1,,,,,,,,,,,,,,,,,,,,,,,,,,,,,,,,,,,,,,,,,,,,,,,,,,,,,,,,,,,,,,,,,,,,,,,,,,,96.69978165,,,,,,,,,,,,,,,,,,,,,,,,,,,,,,,,,,,,,,,,,,,,,,,,,,,,,,,,,,,,,,,,,,,,,,,,,,,,,,,,,,,,,,,,,,,,,,50.0,,20.0,,,,,,,,,,,,,,,,,,,,,,,,,,,,,,,,,,,,,,,,82.6,,,,,,,,,,,,,,,,,,,,,,,,,,,,,,,,,,,,,,,,,,,,,,111.5293462,,,,,,,,,,,,,,,,,,,,,,,,,,,,,,,,,,,,,,,,,,,,,,,,,,,,,,,,,,,,,,,,,,,,,,,,,,,,,,,,,,,,,,,,,,,,,,,,,,,,90.0,,,,,,,,,,,,,,,,50.0,,,,,857000000.0,,,,,,,,,,,,,,,,,,,,,,,,,,,99.9997742,,,,,,,,,,,,,,,,,,,,,,,,,,,,,,,,,,,,,,,,,,,,,,,,,,,,,,,,,,,,,,,,,,,,,,,,,,,,,,,,,,,,,,,,,,,,,,,,,,90.0,,,,,,,,,,,,,,,,,
2016,,,,,,,,,,,,,,,,,,,,,,,,,,,,27.7307895,,,,,,,,,,,,,,,,,,,,,,,,,,,,,,,,,,,,,,,,,,,,,,,,,,,,,,,,,,,,,,,,,,,,,,,,,,,,,,,,,,,,,,,,,,,,0.0,,,,,,,,,,,,,,,,,,,,,,,,,,,,,,,,,,,24.8,,,,,,,,,,,,,,,,,,,,,,,,,,,,,,,,,,,,,,,,,,,,,,,,,,,,,,,,,,,,,,,,,,36061.0,,,,,,,,,,,,,,,,,,,,,,,99.99964849,,,,,,,,,,,,,,,,,,,,,,,,,,,,,,,,,,,,,,,,,,,,,,,,,,,,,,,,,,,,,,,,,,,,,,,,,,,,,,,,,,,,,,,,,,,,,,,,,,,,,,,,,,,,,,,,,,,,,,,,,12.0,,,,,,,,,,,,,,,,,,,,,,,,,,,,,,,,,,,,,,,,,,,,,,,,,,,,,,,,,,,,,,,,,,,,,,,,,,,,,100.0,,,,,,,,,,,,,,,,,,,,,,,,,,,,,,,100.0,,,,,,,,,,,,,,,,,,,,0.545005937,,,,1.81,,,,,,,,,,,,,,,,,,,,,,,,,,,,,,,,,,,,,,,,,,,,,,,,,,,,,79.52195122,,,,,,,,,,,,,,,0.0,99.88218272,,,,,,,,,,,,,,,,,,,,,,,,,,,,,,,,,,,,,,,,,,,,,,96.56592121,,,,,,,,,,,,,,,,,,,4.89375,,,,,,,,,,,,,92.351325,,,,,,100.0,,,,,,,,,,,,,,,,,,,,,,,,,,,,,,721.22,,,,,,,,,,,,,,,,,,132000000.0,,,,,,,,,,76.4,,,,,,,,,,,,,,,0.0,99.88218272,,,,,,,,,,,,,,,,,,,,,,,,,,,,,,,,,,,,,,,,,,,15.2,,,,,,,,,,,,,,,,,,96.69966009,,,,,,,,,,,,,,,,,,,,,,,,,,,,,,,,,,,,,,,,,,,,,,,,,,,,,,,,,12.4,,,,,,,,,,,,,,,,,,,,,,,,,,,,,,,,,,,,,,,,,,,,,,,,,,,,,,,,,,,,,,,,,,,,,,,,,,,,,,,,,,,4.2,,,,,,,,,,,,,,,,,,,,,,,,,,,,,,,,,,,,,,,,,,,,,,,,,,,,,,,,,,,,,,,,,,,,,,,,,,,96.69966009,,,,,,,,,,,,,,,,,,,,,,,,,,,,,,,,,,,,,,,,,,,,,,,,,,,,,,,,,,,,,,,,,,,,,,,,,,,,,,,,,,,,,,,,,,,,,,50.0,,40.0,,,,,,,,,,16.78,,,,,,,,,,,,,,,,,,,,,,,,,,,,,,82.8,,,,,,,,,,,,,,,,,,,,,,,,,,,,,,,,,,,,,,,,,,,,,,332.7694739,,,,,,,,,,,,,,,,,,,,,,,,,,,,,,,,,,,,,,,,,,,,,,,,,,,,,,,,,,,,,,,,,,,,,,,,,,,,,,,,,,,,,,,,,,,,,,,,,,,,90.0,,,,,,,,,,,,,,,,50.0,,,,,856000000.0,,,,,,,,,,,,,,,,,,,,,,,,,,,99.99964849,,,,,,,,,,,,,,,,,,,,,,,,,,,,,,,,,,,,,,,,,,,,,,,,,,,,,,,,,,,,,,,,,,,,,,,,,,,,,,,,,,,,,,,,,,,,,,,,,,90.0,,,,,,,,,,,,,,,,,
2017,,,,,,,,,,,,,,,,,,,,,,,,,,,,,,,,,,,,,,,,,,,,,,,,,,,,,,,,,,,,,,,,,,,,,,,,,,,,,,,,,,,,,,,,,,,,,,,,,,,,,,,,,,,,,,,,,,,,,,,,0.0,,,,,,,,,,,,,,,,,,,,,,,,,,,,,,,,,,,24.8,,11000.0,,,,,,,,,,,,,,,,,,,,,,,,,,,,,,,,,,,,,,,,,,,,,,,,,,,,,,,,,,,,,,,,36569.0,,,,,,,,,,,,,,,,,,,,,,,99.99952279,,,,,,,,,,,,,,,,,,,,,,,,,,,,,,,,,,,,,,,,,,,,,,,,,,,,,,,,,,,,,,,,,,,,,,,,,,,,,,,,,,,,,,,,,,,,,,,,,,,,,,,,,,,,,,,,,,,,,,,,,9.0,,,,,,,,,,,,,,,,,,,,,,,,,,,,,,,,,,,,,,,,,,,,,,,,,,,,,,,,,,,,,,,,,,,,,,,,,,,,,100.0,,,,,,,,,,,,,,,,,,,,,,,,,,,,,,,100.0,,,,,,,,,,,,,,,,,,,,1.398893802,,,,1.81,,,,,,,,,,,,,,,,,,,,,,,,,,,,,,,,,,,,,,,,,,,,,,,,,,,,,79.62195122,,,,,,,,,,,,,,,0.0,99.94998862,,,,,,,,,,,,,,,,,,,,,,,,,,,,,,,,,,,,,,,,,,,,,,96.40190061,,,,,,,,,,,,,,,,,,,5.85625,,,,,,,,,,,,,91.98700719,,,,,,100.0,,,,,,,,,,,,,,,,,,,,,,,,,,,,,,731.38,,,,,,,,,,,,,,,,,,123000000.0,,,,,,,,,,76.5,,,,,,,,,,,,,,,0.0,99.94998862,,,,,,,,,,,,,,,,,,,,,,,,,,,,,,,,,,,,,,,,,,,15.0,,,,,,,,,,,,,,,,,,96.69953854,,,,,,,,,,,,,,,,,,,,,,,,,,,,,,,,,,,,,,,,,,,,,,,,,,,,,,,,,12.4,,,,,,,,,,,,,,,,,,,,,,,,,,,,,,,,,,,,,,,,,,,,,,,,,,,,,,,,,,,,,,,,,,,,,,,,,,,,,,,,,,,4.3,,,,,,,,,,,,,,,,,,,,,,,,,,,,,,,,,,,,,,,,,,,,,,,,,,,,,,,,,,,,,,,,,,,,,,,,,,,96.69953854,,,,,,,,,,,,,,,,,,,,,,,,,,,,,,,,,,,,,,,,,,,,,,,,,,,,,,,,,,,,,,,,,,,,,,,,,,,,,,,,,,,,,,,,,,,,,,50.0,,40.0,,,,,,,,,,12.77155153,,,,,,,,,,,,,,,,,,,,,,,,,,,,,,82.9,,,,,,,,,,,,,,,,,,,,,,,,,,,,,,,,,,,,,,,,,,,,,,246.1100932,,,,,,,,,,,,,,,,,,,,,,,,,,,,,,,,,,,,,,,,,,,,,,,,,,,,,,,,,,,,,,,,,,,,,,,,,,,,,,,,,,,,,,,,,,,,,,,,,,,,90.0,,,,,,,,,,,,,,,,50.0,,,,,761000000.0,,,,,,,,,,,,,,,,,,,,,,,,,,,99.99952279,,,,,,,,,,,,,,,,,,,,,,,,,,,,,,,,,,,,,,,,,,,,,,,,,,,,,,,,,,,,,,,,,,,,,,,,,,,,,,,,,,,,,,,,,,,,,,,,,,90.0,,,,,,,,,,,,,,,,,
2018,,,,3.0,,,,,,,,,,,,,,,,,,,,,,,,,,,,,,,,,,,,,,,,,,,,,,,,,,,,,,,,,,,,,,,,,,,,,,,,,,,,,,,,,,,,,,,,,,,,,,,,,,,,,,,,,,,,,,,,,,,,0.0,,,,,,,,,,,,,,,,,,,,,,,,,,,,,,,,,,,24.8,,,,,,,,,,,,,,,,,,,,,,,,,,,,,,,,,,,,,,,,,,,,,,,,,,,,,,,,,,,,,,,,,,37264.0,,,,,,,,,,,,,,,,,,,,,,,99.99939709,,,,,,,,,,,,,,,,,,,,,,,,,,,,,,,,,,,,,,,,,,,,,,,,,,,,,,,,,,,,,,,,,,,,,,,,,,,,,,,,,,,,,,,,,,,,,,,,,,,,,,,,,,,,,,,,,,,,,,,,,11.0,,,,,,,,,,,,,,,,,,,,,,,,,,,,,,,,,,,,,,,,,,,,,,,,,,,,,,,,,,,,,,,,,,,,,,,,,,,,,100.0,,,,,,,,,,,,,,,,,,,,,,,,,,,,,,,100.0,,,,,,,,,,,,,,,,,,,,1.882682617,,,,1.81,,,,,,,,,,,,,,,,,,,,,,,,,,,,,,,,,,,,,,,,,,,,,,,,,,,,,79.82195122,,,,,,,,,,,,,,,0.0,100.0,,,,,,,,,,,,,,,,,,,,,,,,,,,,,,,,,,,,,,,,,,,,,,96.40190061,,,,,,,,,,,,,,,,,,,6.41875,,,,,,,,,,,,,91.98700719,,,,,,100.0,,,,,,,,,,,,,,,,,,,,,,,,,,,,,,745.28,,,,,,,,,,,,,,,,,,148000000.0,,,,,,,,,,76.7,,,,,,,,,,,,,,,0.0,100.0,,,,,,,,,,,,,,,,,,,,,,,,,,,,,,,,,,,,,,,,,,,14.7,,,,,,,,,,,,,,,,,,96.69941699,,,,,,,,,,,,,,,,,,,,,,,,,,,,,,,,,,,,,,,,,,,,,,,,,,,,,,,,,12.4,,,,,,,,,,,,,,,,,,,,,,,,,,,,,,,,,,,,,,,,,,,,,,,,,,,,,,1.0,,,,,,,,,,,,,,,,,,,,,,,,,,,,,4.3,,,,,,,,,,,,,,,,,,,,,,,,,,,,,,,,,,,,,,,,,,,,,,,,,,,,,,,,,,,,,,,,,,,,,,,,,,,96.69941699,,,,,,,,,,,,,,,,,,,,,,,,,,,,,,,,,,,,,,,,,,,,,,,,,,,,,,,,,,,,,,,,,,,,,,,,,,,,,,,,,,,,,,,,,,,,,,50.0,,40.0,,,,,,,,,,12.77155153,,,,,,,,,,,,,,,,,,,,,,,,,,,,,,83.1,,,,,,,,,,,,,,,,,,,,,,,,,,,,,,,,,,,,,,,,,,,,,,295.1910691,,,,,,,,,,,,,,,,,,,,,,,,,,,,,,,,,,,,,,,,,,,,,,,,,,,,,,,,,,,,,,,,,,,,,,2.0,,,,,,,,,,,,,,,,,,,,,,,,,,,,,,90.0,31.0,,,,,,,,,,,,,,,50.0,,,,,919000000.0,,,,,,,,,,,,,,,,,,,,,,,,,,,99.99939709,,,,,,,,,,,,,,,,,,,,,,,,,,,,,,,,,,,,,,,,,,,,,,,,,,,,,,,,,,,,,,,,,,,,,,,,,,,,,,,,,,,,,,,,,,,,,,,,,,90.0,,,,,,,,,,,,,,,,,
2019,,,,,,,,,,,,,,,,,,,,,,,,,,,,,,,,,,,,,,,,,,,,,,,,,,,,,,,,,,,,,,,,,,,,,,,,,,,,,,,,,,,,,,,,,,,,,,,,,,,,,,,,,,,,,,,,,,,,,,,,0.0,,,,,,,,,,,,,,,,,,,,,,,,,,,,,,,,,,,24.8,,,,,,,,,,,,,,,,,,,,,,,,,,,,,,,,,,,,,,,,,,,,,,,,,,,,,,,,,,,,,,,,,,38002.0,,,,,,,,,,,,,,,,,,,,,,,99.99927139,,,,,,,,,,,,,,,,,,,,,,,,,,,,,,,,,,,,,,,,,,,,,,,,,,,,,,,,,,,,,,,,,,,,,,,,,,,,,,,,,,,,,,,,,,,,,,,,,,,,,,,,,,,,,,,,,,,,,,,,,,,,,,,,,,,,,,,,,,,,,,,,,,,,,,,,,,,,,,,,,,,,,,,,,,,,,,,,,,,,,,,,,,,,,,,,,,,,,,100.0,,,,,,,,,,,,,,,,,,,,,,,,,,,,,,,100.0,,,,,,,,,,,,,,,,,,,,1.961107678,,,,1.81,,,,,,,,,,,,,,,,,,,,,,,,,,,,,,,,,,,,,,,,,,,,,,,,,,,,,79.97317073,,,,,,,,,,,,,,,0.0,100.0,,,,,,,,,,,,,,,,,,,,,,,,,,,,,,,,,,,,,,,,,,,,,,96.42516,,,,,,,,,,,,,,,,,,,7.05625,,,,,,,,,,,,,92.00801849,,,,,,100.0,,,,,,,,,,,,,,,,,,,,,,,,,,,,,,760.04,,,,,,,,,,,,,,,,,,181000000.0,,,,,,,,,,76.9,,,,,,,,,,,,,,,0.0,100.0,,,,,,,,,,,,,,,,,,,,,,,,,,,,,,,,,,,,,,,,,,,14.5,,,,,,,,,,,,,,,,,,96.69929543,,,,,,,,,,,,,,,,,,,,,,,,,,,,,,,,,,,,,,,,,,,,,,,,,,,,,,,,,12.4,,,,,,,,,,,,,,,,,,,,,,,,,,,,,,,,,,,,,,,,,,,,,,,,,,,,,,,,,,,,,,,,,,,,,,,,,,,,,,,,,,,4.4,,,,,,,,,,,,,,,,,,,,,,,,,,,,,,,,,,,,,,,,,,,,,,,,,,,,,,,,,,,,,,,,,,,,,,,,,,,96.69929543,,,,,,,,,,,,,,,,,,,,,,,,,,,,,,,,,,,,,,,,,,,,,,,,,,,,,,,,,,,,,,,,,,,,,,,,,,,,,,,,,,,,,,,,,,,,,,50.0,,40.0,,,,,,,,,,12.77155,,,,,,,,,,,,,,,,,,,,,,,,,,,,,,83.2,,,,,,,,,,,,,,,,,,,,,,,,,,,,,,,,,,,,,,,,,,,,,,,,,,,,,,,,,,,,,,,,,,,,,,,,,,,,,,,,,,,,,,,,,,,,,,,,,,,,,,,,,,,,,,,,,,,,,,,,,,,,,,,,,,,,,,,,,,,,,,,,,,,,,,,,,,,,,,,,,,,,,,,922000000.0,,,,,,,,,,,,,,,,,,,,,,,,,,,99.99927139,,,,,,,,,,,,,,,,,,,,,,,,,,,,,,,,,,,,,,,,,,,,,,,,,,,,,,,,,,,,,,,,,,,,,,,,,,,,,,,,,,,,,,,,,,,,,,,,,,,,,,,,,,,,,,,,,,,
2020,,,,,,,,,,,,,,,,,,,,,,,,,,,,,,,,,,,,,,,,,,,,,,,,,,,,,,,,,,,,,,,,,,,,,,,,,,,,,,,,,,,,,,,,,,,,,,,,,,,,,,,,,,,,,,,,,,,,,,,,,,,,,,,,,,,,,,,,,,,,,,,,,,,,,,,,,,,24.8,,,,,,,,,,,,,,,,,,,,,,,,,,,,,,,,,,,,,,,,,,,,,,,,,,,,,,,,,,,,,,,,,,38659.0,,,,,,,,,,,,,,,,,,,,,,,99.99927139,,,,,,,,,,,,,,,,,,,,,,,,,,,,,,,,,,,,,,,,,,,,,,,,,,,,,,,,,,,,,,,,,,,,,,,,,,,,,,,,,,,,,,,,,,,,,,,,,,,,,,,,,,,,,,,,,,,,,,,,,15.0,,,,,,,,,,,,,,,,,,,,,,,,,,,,,,,,,,,,,,,,,,,,,,,,,,,,,,,,,,,,,,,,,,,,,,,,,,,,,100.0,,,,,,,,,,,,,,,,,,,,,,,,,,,,,,,100.0,,,,,,,,,,,,,,,,,,,,1.7140817,,,,1.81,,,,,,,,,,,,,,,,,,,,,,,,,,,,,,,,,,,,,,,,,,,,,,,,,,,,,80.12195122,,,,,,,,,,,,,,,0.0,100.0,,,,,,,,,,,,,,,,,,,,,,,,,,,,,,,,,,,,,,,,,,,,,,96.42509,,,,,,,,,,,,,,,,,,,,,,,,,,,,,,,,92.00796509,,,,,,100.0,,,,,,,,,,,,,,,,,,,,,,,,,,,,,,773.18,,,,,,,,,,,,,,,,,,134000000.0,,,,,,,,,,77.0,,,,,,,,,,,,,,,0.0,100.0,,,,,,,,,,,,,,,,,,,,,,,,,,,,,,,,,,,,,,,,,,,14.4,,,,,,,,,,,,,,,,,,96.69929543,,,,,,,,,,,,,,,,,,,,,,,,,,,,,,,,,,,,,,,,,,,,,,,,,,,,,,,,,12.4,,,,,,,,,,,,,,,,,,,,,,,,,,,,,,,,,,,,,,,,,,,,,,,,,,,,,,,,,,,,,,,,,,,,,,,,,,,,,,,,,,,4.5,,,,,,,,,,,,,,,,,,,,,,,,,,,,,,,,,,,,,,,,,,,,,,,,,,,,,,,,,,,,,,,,,,,,,,,,,,,96.69929543,,,,,,,,,,,,,,,,,,,,,,,,,,,,,,,,,,,,,,,,,,,,,,,,,,,,,,,,,,,,,,,,,,,,,,,,,,,,,,,,,,,,,,,,,,,,,,50.0,,,,,,,,,,,,12.77169,,,,,,,,,,,,,,,,,,,,,,,,,,,,,,83.4,,,,,,,,,,,,,,,,,,,,,,,,,,,,,,,,,,,,,,,,,,,,,,388.0079671,,,,,,,,,,,,,,,,,,,,,,,,,,,,,,,,,,,,,,,,,,,,,,,,,,,,,,,,,,,,,,,,,,,,,,,,,,,,,,,,,,,,,,,,,,,,,,,,,,,,,,,,,,,,,,,,,,,,,,,,,595000000.0,,,,,,,,,,,,,,,,,,,,,,,,,,,99.99927139,,,,,,,,,,,,,,,,,,,,,,,,,,,,,,,,,,,,,,,,,,,,,,,,,,,,,,,,,,,,,,,,,,,,,,,,,,,,,,,,,,,,,,,,,,,,,,,,,,,,,,,,,,,,,,,,,,,
2021,,,,,,,,,,,,,,,,,,,,,,,,,,,,,,,,,,,,,,,,,,,,,,,,,,,,,,,,,,,,,,,,,,,,,,,,,,,,,,,,,,,,,,,,,,,,,,,,,,,,,,,,,,,,,,,,,,,,,,,,,,,,,,,,,,,,,,,,,,,,,,,,,,,,,,,,,,,,,,,,,,,,,,,,,,,,,,,,,,,,,,,,,,,,,,,,,,,,,,,,,,,,,,,,,,,,,,,,,,,,,,,,,,,,,,,,,,,,,,,,,,,,,,,,,,,,,,,,,,,,,,,,,,,,,,,,,,,,,,,,,,,,,,,,,,,,,,,,,,,,,,,,,,,,,,,,,,,,,,,,,,,,,,,,,,,,,,,,,,,,,,,,,,,,,,,,,,,,,,,,,,,,,,,,,,,,,,,,,,,,,,,,,,,,,,,,,,,,,,,,,,,,,,,,,,,,,,,,,,,,,,,,,,,,,,,,,,,,,,,,,,,,,,,,,,,,,,,,,,,,,,,,,,,,,,,,,,,,,,,,,,,,,,,,,,,,,,,,,,,,,,,,,,,,,,,,,,,,,,,,,,,,,,,,,,,,,,,,,,,,,,,,,,,,,,,,,,,,,,,,,,,,,,,,,,,,,,,,,,,,,,,,,,,,,,,,,,,,,,,,,,,,,,,,,,,,96.42507935,,,,,,,,,,,,,,,,,,,,,,,,,,,,,,,,92.00795746,,,,,,,,,,,,,,,,,,,,,,,,,,,,,,,,,,,,,,,,,,,,,,,,,,,,,,,,,,,,,,,,,,,,,,,,,,,,,,,,,,,,,,,,,,,,,,,,,,,,,,,,,,,,,,,,,,,,,,,,,,,,,,,,,,,,,,,,,,,,,,,,,,,,,,,,,,,,,,,,,,,,,,,,,,,,,,,,,,,,,,,,,,,,,,,,,,,,,,,,,,,,,,,,,,,,,,,,,,,,,,,,,,,,,,,,,,,,,,,,,,,,,,,,,,,,,,,,,,,,,,,,,,,,,,,,,,,,,,,,,,,,,,,,,,,,,,,,,,,,,,,,,,,,,,,,,,,,,,,,,,,,,,,,,,,,,,,,,,,,,,,,,,,,,,,,,,,,,,,,,,,,,,,,,,,,,,,,,,,,,,,,,,,,,,,,,,,,,,,,,,,,,,,,,,,,,,,,,,,,,,,,,,,,,,,,,,,,,,,,,,,,,,,,,,50.0,,,,,,,,,,,,12.7715435,,,,,,,,,,,,,,,,,,,,,,,,,,,,,,,,,,,,,,,,,,,,,,,,,,,,,,,,,,,,,,,,,,,,,,,,,,,,,,,,,,,,,,,,,,,,,,,,,,,,,,,,,,,,,,,,,,,,,,,,,,,,,,,,,,,,,,,,,,,,,,,,,,,,,,,,,,,,,,,,,,,,,,,,,,,,,,,,,,,,,,,,,,,,,,,,,,,,,,,,,,,,,,,,,,,,,,,,,,,,,,,,,,,,,,,,,,,,,,,,,,,,,,,,,,,,,,,,,,,,,,,,,,,,,,,,,,,,,,,,,,,,,,,,,,,,,,,,,,,,,,,,,,,,,,,,,,,,,,,,,,,,,,,,,,,,,,,,,,,
