,IC.ELC.TIME,HD.HCI.OVRL.MA,GC.XPN.GSRV.ZS,GC.TAX.GSRV.RV.ZS,GC.DOD.TOTL.GD.ZS,SE.SEC.PROG.MA.ZS,AG.LND.AGRI.K2,SE.SEC.ENRL.LO.TC.ZS,per_si_allsi.adq_pop_tot,VC.IHR.PSRC.P5,TX.VAL.MRCH.RS.ZS,TX.VAL.FOOD.ZS.UN,TM.VAL.MRCH.R4.ZS,TM.TAX.TCOM.WM.FN.ZS,TM.TAX.MANF.WM.FN.ZS,ST.INT.RCPT.XP.ZS,SP.REG.BRTH.FE.ZS,SP.POP.7579.FE.5Y,SP.POP.5054.FE.5Y,SP.POP.1564.MA.IN,SP.POP.0004.FE.5Y,SP.DYN.CONM.ZS,SL.WAG.0714.ZS,SL.UEM.BASC.MA.ZS,SL.TLF.INTM.ZS,SL.TLF.ADVN.FE.ZS,SL.TLF.0714.WK.FE.TM,SL.SLF.0714.MA.ZS,SL.EMP.WORK.MA.ZS,SL.EMP.MPYR.MA.ZS,SI.SPR.PC40.ZG,SI.POV.LMIC,SH.XPD.OOPC.PC.CD,SH.UHC.OOPC.25.TO,SH.SVR.WAST.FE.ZS,SH.STA.POIS.P5.MA,SH.STA.MALN.FE.ZS,SH.STA.AIRP.FE.P5,SH.MED.NUMW.P3,SH.HIV.1524.FE.ZS,SH.DYN.AIDS.ZS,SH.CON.1524.MA.ZS,SG.TIM.UWRK.FE,SE.XPD.CPRM.ZS,SE.TER.CUAT.BA.MA.ZS,SE.SEC.TCAQ.FE.ZS,SE.SEC.ENRL.GC.FE.ZS,SE.SEC.CMPT.LO.FE.ZS,SE.PRM.REPT.ZS,SE.PRM.NENR.MA,SE.PRM.CMPT.ZS,SE.COM.DURS,per_lm_alllm.adq_pop_tot,NY.GSR.NFCY.KN,NY.GNP.MKTP.KN,NY.GDP.PCAP.KD.ZG,NY.GDP.FCST.KD,NY.ADJ.NNTY.PC.KD,NY.ADJ.DKAP.CD,NV.MNF.OTHR.ZS.UN,NV.IND.EMPL.KD,TX.VAL.MRCH.WR.ZS,TX.VAL.ICTG.ZS.UN,TM.VAL.MRCH.R6.ZS,TM.VAL.AGRI.ZS.UN,TM.TAX.MRCH.BR.ZS,ST.INT.TRNX.CD,SP.REG.BRTH.RU.ZS,SP.POP.80UP.FE.5Y,SP.POP.5559.FE.5Y,SP.POP.1564.TO,SP.POP.0014.FE.IN,SP.DYN.IMRT.FE.IN,SM.POP.REFG,SL.UEM.INTM.FE.ZS,SL.TLF.PART.MA.ZS,SL.TLF.ADVN.ZS,SL.TLF.0714.WK.MA.TM,SL.SRV.0714.FE.ZS,SL.FAM.0714.FE.ZS,SL.EMP.SELF.FE.ZS,SI.SPR.PCAP.ZG,SI.POV.MDIM,SH.XPD.PVTD.CH.ZS,SH.UHC.SRVS.CV.XD,SH.SVR.WAST.ZS,SH.STA.SMSS.UR.ZS,SH.STA.MALN.ZS,SH.STA.AIRP.P5,SH.MED.SAOP.P5,SH.HIV.ARTC.ZS,SH.DYN.MORT.FE,SH.DTH.1014,SG.VAW.1549.ZS,SE.XPD.CTER.ZS,SE.TER.CUAT.DO.FE.ZS,SE.SEC.TCAQ.LO.MA.ZS,SE.SEC.ENRL.TC.ZS,SE.SEC.CMPT.LO.ZS,SE.PRM.TCAQ.MA.ZS,SE.PRM.NINT.MA.ZS,SE.PRM.CUAT.MA.ZS,SE.ENR.PRSC.FM.ZS,per_si_allsi.cov_pop_tot,per_lm_alllm.cov_pop_tot,NY.TAX.NIND.CN,NY.GNP.MKTP.PP.KD,NY.GDP.PCAP.PP.CD,NY.GDP.FRST.RT.ZS,NY.ADJ.SVNG.CD,NY.ADJ.DMIN.CD,NV.MNF.TXTL.ZS.UN,NV.IND.MANF.CN,NE.RSB.GNFS.CD,NE.GDI.FTOT.ZS,NE.DAB.TOTL.KD,LP.LPI.LOGS.XQ,IS.SHP.GCNW.XQ,IQ.SCI.MTHD,IQ.CPA.FINS.XQ,IE.PPN.WATR.CD,IC.TAX.GIFT.ZS,IC.IMP.TMDC,IC.FRM.CORR.ZS,IC.CRD.INFO.XQ,GC.XPN.TRFT.ZS,GC.TAX.TOTL.GD.ZS,GC.REV.SOCL.CN,FX.OWN.TOTL.SO.ZS,FP.WPI.TOTL,FI.RES.TOTL.CD,ER.H2O.FWST.ZS,EN.POP.EL5M.UR.ZS,EN.ATM.PM25.MC.ZS,EN.ATM.METH.AG.ZS,EN.ATM.CO2E.GF.ZS,EG.ELC.PETR.ZS,DT.TDS.DPPG.XP.ZS,DT.ODA.OATL.CD,DT.NFL.UNAI.CD,DT.NFL.IMFN.CD,DT.DOD.DSTC.XP.ZS,DC.DAC.SWEL.CD,DC.DAC.GBRL.CD,CM.MKT.LDOM.NO,BX.GSR.MRCH.CD,BN.GSR.GNFS.CD,BM.GSR.GNFS.CD,AG.LND.FRST.ZS,AG.AGR.TRAC.NO,VC.IDP.NWDS,TX.VAL.MRCH.R3.ZS,TX.MNF.TECH.ZS.UN,TM.VAL.MRCH.OR.ZS,TM.TAX.TCOM.SM.AR.ZS,TM.TAX.MANF.SM.AR.ZS,SP.UWT.TFRT,SP.POP.TOTL.FE.IN,SP.POP.65UP.TO,SP.POP.4044.FE.5Y,SP.POP.1519.FE.5Y,SP.HOU.FEMA.ZS,SP.DYN.AMRT.FE,SL.UEM.TOTL.NE.ZS,SL.UEM.ADVN.FE.ZS,SL.TLF.CACT.NE.ZS,SL.TLF.ACTI.1524.ZS,SL.TLF.0714.SW.MA.TM,SL.MNF.0714.FE.ZS,SL.EMP.VULN.FE.ZS,SL.EMP.1524.SP.MA.ZS,SI.POV.UMIC.GP,SI.DST.FRST.20,SH.XPD.GHED.GE.ZS,SH.UHC.NOP2.ZG,SH.STA.WASH.P5,SH.STA.OWGH.ME.ZS,SH.STA.FGMS.ZS,SH.PRV.SMOK.MA,SH.IMM.IDPT,SH.H2O.SMDW.RU.ZS,SH.DYN.1014,SH.ANM.ALLW.ZS,SG.DMK.ALLD.FN.ZS,SE.TER.ENRR,SE.SEC.UNER.LO.FE.ZS,SE.SEC.PRIV.ZS,SE.SEC.DURS,SE.PRM.UNER.MA,SE.PRM.PRSL.MA.ZS,SE.PRM.GINT.MA.ZS,SE.PRE.TCAQ.ZS,SE.ADT.1524.LT.ZS,per_sa_allsa.cov_q2_tot,PA.NUS.PRVT.PP,NY.GNS.ICTR.GN.ZS,NY.GNP.MKTP.CN,NY.GDP.NGAS.RT.ZS,SE.SEC.TCHR.FE.ZS,NY.GDP.DISC.CN,NY.ADJ.NNTY.CD,NY.ADJ.DCO2.CD,NV.IND.TOTL.ZS,NV.AGR.TOTL.KN,NE.IMP.GNFS.CD,NE.GDI.FPRV.ZS,NE.CON.TOTL.KD.ZG,NE.CON.GOVT.KN,VC.IDP.NWCV,TX.VAL.MRCH.R2.ZS,TT.PRI.MRCH.XD.WD,TM.VAL.MRCH.HI.ZS,TM.TAX.TCOM.IP.ZS,TM.TAX.MANF.IP.ZS,SP.URB.TOTL.IN.ZS,SP.POP.TOTL,SP.POP.65UP.MA.ZS,SP.POP.3539.MA.5Y,SP.POP.1014.MA.5Y,SP.DYN.WFRT,SP.ADO.TFRT,SL.UEM.TOTL.MA.ZS,SL.UEM.1524.ZS,SL.TLF.CACT.MA.ZS,SL.TLF.ACTI.1524.NE.ZS,SL.TLF.0714.SW.FE.ZS,SL.IND.EMPL.ZS,SL.EMP.TOTL.SP.ZS,SL.EMP.1524.SP.MA.NE.ZS,SI.POV.UMIC,SI.DST.FRST.10,SH.XPD.GHED.GD.ZS,SH.UHC.NOP2.TO,SH.STA.TRAF.P5,SH.STA.OWGH.MA.ZS,SH.STA.DIAB.ZS,SH.PRV.SMOK.FE,SH.IMM.HEPB,SH.H2O.BASW.ZS,SH.DYN.0509,SH.ALC.PCAP.MA.LI,SE.XPD.TOTL.GD.ZS,SE.TER.ENRL.TC.ZS,SE.SEC.NENR.MA,SE.SEC.CUAT.UP.ZS,SE.PRM.UNER.FE.ZS,SE.PRM.PRSL.FE.ZS,SE.PRM.GINT.FE.ZS,SE.PRE.TCAQ.MA.ZS,SE.ADT.1524.LT.MA.ZS,per_sa_allsa.cov_q1_tot,PA.NUS.PPPC.RF,NY.GNS.ICTR.CN,NY.GNP.MKTP.CD,NY.GDP.MKTP.PP.KD,NY.GDP.DEFL.ZS.AD,NY.ADJ.NNAT.GN.ZS,NY.ADJ.AEDU.GN.ZS,NV.IND.TOTL.KN,NV.AGR.TOTL.KD.ZG,NE.GDI.TOTL.ZS,NE.GDI.FPRV.CN,NE.CON.TOTL.KD,NE.CON.GOVT.KD.ZG,LP.LPI.ITRN.XQ,IS.RRS.TOTL.KM,NE.GDI.TOTL.KD,NE.EXP.GNFS.KD.ZG,NE.CON.PRVT.ZS,NE.CON.GOVT.CD,LP.IMP.DURS.MD,IS.AIR.PSGR,IQ.CPA.SOCI.XQ,IQ.CPA.DEBT.XQ,IE.PPI.WATR.CD,IC.REG.PROC,IC.GOV.DURS.ZS,IC.FRM.BKWC.ZS,IC.BUS.DISC.XQ,GC.XPN.OTHR.ZS,GC.TAX.INTT.RV.ZS,GC.NLD.TOTL.CN,FX.OWN.TOTL.FE.ZS,FM.LBL.BMNY.IR.ZS,FB.CBK.BRWR.P3,ER.GDP.FWTL.M3.KD,EN.HPT.THRD.NO,EN.ATM.PM25.MC.M3,EN.ATM.GHGT.KT.CE,EG.USE.ELEC.KH.PC,EG.ELC.HYRO.ZS,DT.TDS.DIMF.CD,DT.NFL.WFPG.CD,DT.NFL.PROP.CD,DT.NFL.IAEA.CD,DT.DOD.DPNG.CD,DC.DAC.POLL.CD,DC.DAC.DNKL.CD,BX.TRF.PWKR.DT.GD.ZS,BX.GSR.CMCP.ZS,BN.CAB.XOKA.CD,AG.YLD.CREL.KG,AG.LND.EL5M.UR.K2,TX.VAL.OTHR.ZS.WT,TX.VAL.MANF.ZS.UN,TM.VAL.MRCH.WL.CD,TM.VAL.FUEL.ZS.UN,TM.TAX.MRCH.SM.AR.ZS,ST.INT.TVLX.CD,SP.REG.BRTH.ZS,SP.POP.BRTH.MF,SP.POP.6064.FE.5Y,SP.POP.2024.FE.5Y,SP.POP.0014.MA.IN,SP.DYN.IMRT.MA.IN,SM.POP.TOTL,SL.UEM.INTM.ZS,SL.TLF.TOTL.FE.ZS,SL.TLF.BASC.MA.ZS,SL.TLF.0714.WK.TM,SL.SRV.0714.ZS,SL.FAM.0714.ZS,SL.EMP.SELF.ZS,SL.AGR.0714.MA.ZS,SI.POV.MDIM.17.XQ,SH.XPD.PVTD.PP.CD,SH.XPD.CHEX.GD.ZS,SH.TBS.DTEC.ZS,SH.STA.STNT.FE.ZS,SH.STA.MMRT.NE,SH.STA.ARIC.ZS,SH.MLR.NETS.ZS,SH.HIV.INCD.14,SH.DYN.NCOM.FE.ZS,SH.DTH.2024,SG.VAW.BURN.ZS,SE.XPD.PRIM.PC.ZS,SE.TER.CUAT.DO.ZS,SE.SEC.TCAQ.MA.ZS,SE.SEC.ENRL.VO,SE.SEC.CUAT.LO.MA.ZS,SE.PRM.TCHR,SE.PRM.OENR.FE.ZS,SE.PRM.DURS,SE.ENR.TERT.FM.ZS,per_si_allsi.cov_q2_tot,per_lm_alllm.cov_q2_tot,NY.TRF.NCTR.CD,NY.GNP.PCAP.CN,NY.GDP.PETR.RT.ZS,NY.GDP.MKTP.CD,NY.ADJ.SVNX.CD,NY.ADJ.DNGY.CD,NV.SRV.TOTL.CD,NV.IND.MANF.KD.ZG,NE.RSB.GNFS.KN,NE.GDI.STKB.CN,NE.DAB.TOTL.ZS,NE.CON.PRVT.PC.KD,MS.MIL.XPND.CN,IT.NET.SECR,TX.VAL.TRVL.ZS.WT,TX.VAL.MRCH.OR.ZS,TM.VAL.TRAN.ZS.WT,TM.VAL.MRCH.AL.ZS,TM.TAX.TCOM.BC.ZS,TM.TAX.MANF.BC.ZS,SP.URB.GROW,SP.POP.SCIE.RD.P6,SP.POP.65UP.FE.ZS,SP.POP.3034.MA.5Y,SP.POP.0509.MA.5Y,SP.DYN.TO65.FE.ZS,SN.ITK.SVFI.ZS,SL.UEM.TOTL.FE.ZS,SL.UEM.1524.MA.ZS,SL.TLF.CACT.FM.ZS,SL.TLF.ACTI.1524.MA.NE.ZS,SL.TLF.0714.MA.ZS,SL.IND.EMPL.FE.ZS,SL.EMP.TOTL.SP.MA.ZS,SL.EMP.1524.SP.FE.NE.ZS,SI.POV.MDIM.XQ,SI.DST.10TH.10,SH.XPD.EHEX.PP.CD,SH.UHC.NOP1.ZS,SH.STA.SUIC.MA.P5,SH.STA.ORTH,SH.STA.BRTC.ZS,SH.PRG.ANEM,SH.HIV.INCD.ZS,SH.H2O.BASW.RU.ZS,SH.DTH.NCOM.ZS,SH.ALC.PCAP.FE.LI,SE.XPD.TERT.ZS,SE.TER.CUAT.ST.MA.ZS,SE.SEC.TCHR,SE.SEC.NENR,SE.SEC.CUAT.UP.FE.ZS,SE.PRM.UNER,SE.PRM.PRS5.MA.ZS,SE.PRM.ENRR.FE,SE.PRE.ENRR.MA,SE.ADT.1524.LT.FE.ZS,per_sa_allsa.ben_q1_tot,PA.NUS.FCRF,NY.GNP.PCAP.PP.KD,NY.GDY.TOTL.KN,NY.GDP.MKTP.KN,NY.GDP.DEFL.KD.ZG.AD,NY.ADJ.ICTR.GN.ZS,NV.SRV.TOTL.ZS,NV.IND.TOTL.KD,NV.AGR.TOTL.CN,NE.GDI.TOTL.KD.ZG,NE.EXP.GNFS.KN,NE.CON.TOTL.CD,NE.CON.GOVT.CN,LP.LPI.CUST.XQ,IS.RRS.GOOD.MT.K6,IQ.CPA.STRC.XQ,IQ.CPA.ECON.XQ,IQ.SPI.PIL4,IQ.CPA.PROP.XQ,IP.TMK.RESD,IC.WRH.PROC,IC.REG.COST.PC.ZS,IC.FRM.OUTG.ZS,IC.EXP.CSBC.CD,HD.HCI.OVRL.UB,GC.XPN.INTP.CN,GC.TAX.GSRV.VA.ZS,GC.LBL.TOTL.CN,FS.AST.DOMS.GD.ZS,FM.AST.PRVT.GD.ZS,FB.AST.NPER.ZS,EP.PMP.SGAS.CD,EN.CO2.MANF.ZS,EN.ATM.NOXE.EG.ZS,EN.ATM.CO2E.SF.KT,EG.USE.COMM.CL.ZS,EG.ELC.ACCS.UR.ZS,DT.ODA.ODAT.XP.ZS,DT.NFL.UNPB.CD,DT.NFL.PCBK.CD,DT.NFL.BLAT.CD,DT.DOD.DECT.CD,DC.DAC.LUXL.CD,DC.DAC.CECL.CD,BX.PEF.TOTL.CD.WD,BX.GRT.EXTA.CD.WD,BM.KLT.DINV.CD.WD,AG.PRD.CROP.XD,AG.LND.CREL.HA,IQ.SPI.PIL5,IQ.CPA.PROT.XQ,IP.TMK.RSCT,IE.PPI.ENGY.CD,IC.REG.DURS,IC.FRM.RSDV.ZS,IC.EXP.CSDC.CD,HD.HCI.OVRL.UB.FE,GC.XPN.INTP.RV.ZS,GC.TAX.IMPT.CN,GC.LBL.TOTL.GD.ZS,FS.AST.PRVT.GD.ZS,FM.AST.PRVT.ZG.M3,FB.ATM.TOTL.P5,ER.FSH.AQUA.MT,EN.CO2.OTHX.ZS,EN.ATM.NOXE.KT.CE,EN.ATM.CO2E.SF.ZS,EG.USE.COMM.FO.ZS,EG.ELC.ACCS.ZS,DT.TDS.DECT.CD,DT.NFL.UNRW.CD,DT.NFL.PCBO.CD,DT.NFL.BOND.CD,DT.DOD.DECT.GN.ZS,DC.DAC.NLDL.CD,DC.DAC.CHEL.CD,BX.TRF.CURR.CD,BX.GRT.TECH.CD.WD,BM.KLT.DINV.WD.GD.ZS,AG.PRD.FOOD.XD,AG.LND.CROP.ZS,TX.VAL.TRAN.ZS.WT,TX.VAL.MRCH.HI.ZS,TM.VAL.SERV.CD.WT,TM.VAL.MMTL.ZS.UN,TM.TAX.MRCH.WM.FN.ZS,TM.QTY.MRCH.XD.WD,NV.IND.TOTL.CN,NV.AGR.TOTL.CD,SP.RUR.TOTL.ZS,SP.POP.GROW,SP.POP.65UP.FE.IN,SP.POP.3034.FE.5Y,SP.POP.0509.FE.5Y,SP.DYN.TFRT.IN,SN.ITK.SALT.ZS,SL.UEM.TOTL.FE.NE.ZS,SL.UEM.1524.MA.NE.ZS,SL.TLF.CACT.FM.NE.ZS,SL.TLF.ACTI.1524.FE.ZS,SL.TLF.0714.FE.ZS,SL.GDP.PCAP.EM.KD,SL.EMP.TOTL.SP.MA.NE.ZS,SL.AGR.EMPL.ZS,SI.POV.MDIM.MA,SI.DST.05TH.20,SH.XPD.EHEX.PC.CD,SH.UHC.NOP1.ZG,SH.STA.SUIC.FE.P5,SH.STA.ORCF.ZS,SH.STA.BFED.ZS,SH.MMR.RISK.ZS,SH.HIV.INCD.YG.P3,SH.FPL.SATM.ZS,SH.DTH.MORT,SG.VAW.REFU.ZS,SE.XPD.TERT.PC.ZS,SE.TER.CUAT.ST.FE.ZS,SE.SEC.TCAQ.ZS,SE.SEC.ENRR.MA,SE.SEC.CUAT.PO.ZS,SE.PRM.TENR.MA,SE.PRM.PRS5.FE.ZS,SE.PRM.ENRR,SE.PRE.ENRR.FE,PX.REX.REER,per_sa_allsa.adq_pop_tot,PA.NUS.ATLS,NY.GNP.PCAP.PP.CD,NY.GDS.TOTL.ZS,NY.GDP.MKTP.KD.ZG,NY.GDP.DEFL.KD.ZG,NY.ADJ.DRES.GN.ZS,NV.SRV.TOTL.KN,TX.VAL.TECH.CD,TX.VAL.MRCH.AL.ZS,TM.VAL.MRCH.XD.WD,TM.VAL.INSF.ZS.WT,TM.TAX.MRCH.SR.ZS,ST.INT.XPND.MP.ZS,SP.RUR.TOTL,SP.POP.DPND.OL,SP.POP.6569.FE.5Y,SP.POP.2529.FE.5Y,SP.POP.0014.TO,SP.DYN.LE00.IN,SN.ITK.DEFC.ZS,SL.UEM.NEET.MA.ZS,SL.UEM.1524.FE.NE.ZS,SL.TLF.CACT.FE.NE.ZS,SL.TLF.0714.ZS,SL.SRV.EMPL.MA.ZS,SL.FAM.WORK.MA.ZS,SL.EMP.TOTL.SP.FE.NE.ZS,SL.AGR.EMPL.FE.ZS,SI.POV.MDIM.HH,SI.DST.03RD.20,SH.XPD.CHEX.PP.CD,SH.UHC.NOP1.CG,SH.STA.STNT.ME.ZS,SH.STA.ODFC.UR.ZS,SH.STA.BASS.UR.ZS,SH.MMR.DTHS,SH.HIV.INCD.TL.P3,SH.DYN.NCOM.ZS,SH.DTH.IMRT,SG.VAW.NEGL.ZS,SE.XPD.SECO.PC.ZS,SE.TER.CUAT.MS.MA.ZS,SE.SEC.TCAQ.UP.MA.ZS,SE.SEC.ENRR,SE.SEC.CUAT.PO.FE.ZS,SE.PRM.TENR,SE.PRM.OENR.ZS,SE.PRM.ENRL.FE.ZS,SE.PRE.ENRL.TC.ZS,per_si_allsi.cov_q4_tot,per_lm_alllm.cov_q4_tot,NY.TRF.NCTR.KN,NY.GNP.PCAP.KD.ZG,NY.GDS.TOTL.CD,NY.GDP.MKTP.CN.AD,NY.EXP.CAPM.KN,NY.ADJ.DPEM.CD,NV.SRV.TOTL.KD,NV.IND.MANF.ZS,NE.TRD.GNFS.ZS,NE.GDI.TOTL.CD,NE.EXP.GNFS.CN,NE.CON.PRVT.PP.CD,MS.MIL.XPND.ZS,NE.CON.PRVT.KD.ZG,MS.MIL.TOTL.TF.ZS,IT.NET.BBND,IQ.SPI.PIL2,IQ.CPA.PADM.XQ,IP.TMK.NRCT,IC.TAX.TOTL.CP.ZS,IC.REG.COST.PC.FE.ZS,IC.FRM.INFM.ZS,IC.ELC.OUTG.ZS,HD.HCI.OVRL.LB.MA,GC.XPN.GSRV.CN,GC.TAX.GSRV.CN,GC.DOD.TOTL.CN,FS.AST.CGOV.GD.ZS,FM.AST.DOMS.CN,ER.MRN.PTMR.ZS,EN.URB.MCTY.TL.ZS,EN.CO2.BLDG.ZS,EN.ATM.NOXE.AG.ZS,EN.ATM.CO2E.PP.GD,EG.GDP.PUSE.KO.PP.KD,EG.EGY.PRIM.PP.KD,DT.ODA.ODAT.MP.ZS,DT.NFL.UNFP.CD,DT.NFL.OFFT.CD,DT.DOD.PVLX.EX.ZS,DC.ODA.TOTL.GN.ZS,DC.DAC.JPNL.CD,DC.DAC.BELL.CD,BX.KLT.DINV.CD.WD,BN.TRF.CURR.CD,BM.GSR.TRAN.ZS,AG.LND.TRAC.ZS,AG.LND.ARBL.HA.PC,IQ.SPI.PIL3,IQ.CPA.PRES.XQ,IP.TMK.NRES,IC.WRH.DURS,IC.REG.COST.PC.MA.ZS,IC.FRM.METG.ZS,FS.AST.DOMO.GD.ZS,FM.AST.NFRG.CN,ER.PTD.TOTL.ZS,EP.PMP.DESL.CD,EN.CO2.ETOT.ZS,EN.ATM.NOXE.EG.KT.CE,EN.ATM.CO2E.PP.GD.KD,EG.IMP.CONS.ZS,EG.ELC.ACCS.RU.ZS,DT.ODA.ODAT.PC.ZS,DT.NFL.UNID.CD,DT.NFL.PBND.CD,DT.DOD.PVLX.GN.ZS,DC.ODA.TOTL.KD,DC.DAC.KORL.CD,DC.DAC.CANL.CD,BX.KLT.DINV.WD.GD.ZS,BN.TRF.KOGT.CD,BM.GSR.TRVL.ZS,AG.PRD.CREL.MT,AG.LND.ARBL.ZS,NE.CON.GOVT.KD,LP.LPI.INFR.XQ,IS.RRS.PASG.KM,IQ.CPA.TRAD.XQ,IQ.CPA.ENVR.XQ,IE.PPN.ICTI.CD,IC.REG.PROC.MA,IC.IMP.CSDC.CD,IC.FRM.BRIB.ZS,IC.BUS.NDNS.ZS,GC.XPN.TOTL.GD.ZS,GC.TAX.OTHR.RV.ZS,GC.REV.GOTR.CN,FX.OWN.TOTL.OL.ZS,FP.CPI.TOTL,FD.AST.PRVT.GD.ZS,ER.H2O.FWDM.ZS,EN.POP.DNST,EN.ATM.PM25.MC.T2.ZS,EN.ATM.HFCG.KT.CE,EN.ATM.CO2E.EG.ZS,EG.ELC.NGAS.ZS,DT.TDS.DPPG.CD,DT.ODA.ALLD.CD,DT.NFL.RDBC.CD,DT.NFL.ILOG.CD,DT.DOD.DSTC.CD,DC.DAC.SVKL.CD,DC.DAC.FINL.CD,CM.MKT.LCAP.CD,BX.GSR.GNFS.CD,BN.FIN.TOTL.CD,BM.GSR.CMCP.ZS,AG.LND.EL5M.ZS,TX.VAL.TECH.MF.ZS,TX.VAL.MRCH.CD.WT,TM.VAL.OTHR.ZS.WT,TM.VAL.MANF.ZS.UN,TM.TAX.MRCH.WM.AR.ZS,TG.VAL.TOTL.GD.ZS,SP.RUR.TOTL.ZG,SP.POP.DPND.YG,SP.POP.6569.MA.5Y,SP.POP.2529.MA.5Y,SP.POP.0014.TO.ZS,SP.DYN.LE00.MA.IN,SN.ITK.MSFI.ZS,SL.UEM.NEET.ZS,SL.UEM.1524.FE.ZS,SL.TLF.CACT.FE.ZS,SL.TLF.ACTI.1524.FE.NE.ZS,SL.SRV.EMPL.ZS,SL.FAM.WORK.ZS,SL.EMP.TOTL.SP.FE.ZS,SL.AGR.EMPL.MA.ZS,SI.POV.MDIM.IT,SI.DST.04TH.20,SH.XPD.EHEX.CH.ZS,SH.UHC.NOP1.TO,SH.STA.STNT.ZS,SH.STA.ODFC.ZS,SH.STA.BASS.ZS,SH.MMR.RISK,SH.HIV.INCD.YG,SH.DYN.NMRT,SH.DTH.INJR.ZS,SG.VAW.REAS.ZS,SE.XPD.SECO.ZS,SE.TER.CUAT.MS.ZS,SE.SEC.TCAQ.UP.ZS,SE.SEC.ENRR.FE,SE.SEC.CUAT.PO.MA.ZS,SE.PRM.TENR.FE,SE.PRM.PRIV.ZS,SE.PRM.ENRL.TC.ZS,SE.PRE.ENRR,per_si_allsi.cov_q5_tot,per_lm_alllm.cov_q5_tot,NY.TTF.GNFS.KN,NY.GNP.PCAP.KN,NY.GDS.TOTL.CN,NY.GDP.MKTP.KD,NY.GDP.COAL.RT.ZS,NY.ADJ.DPEM.GN.ZS,NV.SRV.TOTL.KD.ZG,NV.IND.TOTL.CD,NV.AGR.EMPL.KD,NE.GDI.TOTL.CN,NE.EXP.GNFS.KD,NE.CON.PRVT.PP.KD,MS.MIL.XPRT.KD,LP.EXP.DURS.MD,VC.IHR.PSRC.FE.P5,TX.VAL.MRCH.R5.ZS,TX.UVI.MRCH.XD.WD,TM.VAL.MRCH.R2.ZS,TM.TAX.TCOM.SR.ZS,TM.TAX.MANF.SR.ZS,ST.INT.DPRT,SP.POP.TOTL.MA.IN,SP.POP.7074.FE.5Y,SP.POP.4549.FE.5Y,SP.POP.1564.FE.IN,SP.M18.2024.FE.ZS,SP.DYN.CBRT.IN,SL.WAG.0714.FE.ZS,SL.UEM.ADVN.ZS,SL.TLF.INTM.FE.ZS,SL.TLF.ACTI.MA.ZS,SL.TLF.0714.SW.TM,SL.MNF.0714.ZS,SL.EMP.VULN.ZS,SL.EMP.1524.SP.ZS,SI.RMT.COST.OB.ZS,SI.POV.GAPS,SH.XPD.GHED.PP.CD,SH.UHC.OOPC.10.TO,SH.STA.WAST.MA.ZS,SH.STA.POIS.P5,SH.STA.HYGN.UR.ZS,SH.SGR.IRSK.ZS,SH.MED.BEDS.ZS,SH.H2O.SMDW.ZS,SH.DYN.2024,SH.ANM.NPRG.ZS,SG.GEN.PARL.ZS,SE.TER.ENRR.MA,SE.SEC.UNER.LO.ZS,SE.SEC.ENRL.FE.ZS,SE.PRM.UNER.ZS,SE.PRM.REPT.FE.ZS,SE.PRM.NENR,SE.PRM.CMPT.FE.ZS,SE.ADT.LITR.MA.ZS,per_sa_allsa.cov_q4_tot,per_allsp.ben_q1_tot,NY.GSR.NFCY.CD,NY.GNP.MKTP.KD,NY.GDP.PCAP.CN,NY.GDP.FCST.CD,NY.ADJ.NNTY.KD.ZG,NY.ADJ.DFOR.CD,NV.MNF.FBTO.ZS.UN,NV.FSM.TOTL.CN,NE.IMP.GNFS.KD,NE.GDI.FTOT.CN,NE.CON.TOTL.ZS,NE.CON.PRVT.CD,LP.LPI.TIME.XQ,IQ.CPA.TRAN.XQ,IQ.CPA.FINQ.XQ,IE.PPN.TRAN.CD,IC.TAX.DURS,IC.IMP.TMBC,IC.FRM.CMPU.ZS,IC.BUS.NREG,GC.XPN.TRFT.CN,GC.TAX.TOTL.CN,GC.REV.GOTR.ZS,FX.OWN.TOTL.PL.ZS,FP.CPI.TOTL.ZG,FD.RES.LIQU.AS.ZS,ER.H2O.FWIN.ZS,EN.POP.EL5M.RU.ZS,EN.ATM.PM25.MC.T3.ZS,EN.ATM.METH.AG.KT.CE,EN.ATM.CO2E.GF.KT,EG.ELC.NUCL.ZS,DT.TDS.DPPG.GN.ZS,DT.ODA.ALLD.KD,DT.NFL.RDBN.CD,DT.NFL.IMFC.CD,DT.DOD.DSTC.IR.ZS,DC.DAC.SVNL.CD,DC.DAC.FRAL.CD,CM.MKT.LCAP.GD.ZS,BX.GSR.INSF.ZS,BN.GSR.FCTY.CD,BM.GSR.FCTY.CD,AG.LND.FRST.K2,NE.GDI.FTOT.CD,NE.CON.TOTL.KN,NE.CON.GOVT.ZS,LP.LPI.OVRL.XQ,IS.SHP.GOOD.TU,IQ.SCI.OVRL,IQ.CPA.FISP.XQ,IP.IDS.NRCT,IC.TAX.LABR.CP.ZS,IC.ISV.DURS,IC.FRM.CRIM.ZS,IC.CRD.PRVT.ZS,GF.XPD.BUDG.ZS,GC.TAX.YPKG.CN,GC.REV.SOCL.ZS,FX.OWN.TOTL.YG.ZS,FR.INR.DPST,FI.RES.TOTL.DT.ZS,ER.H2O.FWTL.K3,EN.POP.EL5M.ZS,EN.ATM.SF6G.KT.CE,EN.ATM.METH.EG.KT.CE,EN.ATM.CO2E.KD.GD,EG.ELC.RNEW.ZS,DT.TDS.MLAT.CD,DT.ODA.OATL.KD,DT.NFL.UNCF.CD,DT.NFL.MIBR.CD,DT.DOD.DSTC.ZS,DC.DAC.TOTL.CD,DC.DAC.GRCL.CD,CM.MKT.TRAD.CD,BX.GSR.NFSV.CD,BN.GSR.MRCH.CD,BM.GSR.INSF.ZS,AG.LND.IRIG.AG.ZS,AG.CON.FERT.PT.ZS,IT.CEL.SETS,IQ.SCI.PRDC,IQ.CPA.GNDR.XQ,IP.IDS.RSCT,IC.TAX.METG,IC.LGL.CRED.XQ,IC.FRM.DURS,IC.CRD.PUBL.ZS,HD.HCI.OVRL,GC.TAX.YPKG.RV.ZS,GC.REV.XGRT.CN,FX.OWN.TOTL.ZS,FR.INR.LEND,FI.RES.TOTL.MO,ER.H2O.FWTL.ZS,EN.POP.SLUM.UR.ZS,EN.BIR.THRD.NO,EN.ATM.METH.EG.ZS,EN.ATM.CO2E.KT,EG.ELC.RNWX.KH,DT.TDS.MLAT.PG.ZS,DT.ODA.ODAT.CD,DT.NFL.UNCR.CD,DT.NFL.MIDA.CD,DT.DOD.MIBR.CD,DC.DAC.USAL.CD,DC.DAC.HUNL.CD,CM.MKT.TRAD.GD.ZS,BX.GSR.ROYL.CD,BN.KAC.EOMS.CD,BM.GSR.MRCH.CD,AG.LND.PRCP.MM,AG.CON.FERT.ZS,VC.IHR.PSRC.MA.P5,TX.VAL.MRCH.R6.ZS,TX.VAL.AGRI.ZS.UN,TM.VAL.MRCH.R3.ZS,TM.TAX.TCOM.WM.AR.ZS,TM.TAX.MANF.WM.AR.ZS,ST.INT.RCPT.CD,SP.POP.TOTL.MA.ZS,SP.POP.7074.MA.5Y,SP.POP.4549.MA.5Y,SP.POP.1564.FE.ZS,SP.MTR.1519.ZS,SP.DYN.CDRT.IN,SL.WAG.0714.MA.ZS,SL.UEM.BASC.FE.ZS,SL.TLF.INTM.MA.ZS,SL.TLF.ACTI.ZS,SL.TLF.0714.SW.ZS,SL.SLF.0714.FE.ZS,SL.EMP.WORK.FE.ZS,SL.EMP.MPYR.FE.ZS,SI.SPR.PC40,SI.POV.GINI,SH.XPD.OOPC.CH.ZS,SH.UHC.OOPC.10.ZS,SH.STA.WAST.ZS,SH.STA.POIS.P5.FE,SH.STA.HYGN.ZS,SH.SGR.PROC.P5,SH.MED.CMHW.P3,SH.HIV.0014,SH.DYN.AIDS.FE.ZS,SH.CON.1524.FE.ZS,SG.LAW.INDX,SE.TER.TCHR.FE.ZS,SE.TER.CUAT.BA.FE.ZS,SE.SEC.PROG.ZS,SE.SEC.ENRL.GC,SE.SEC.AGES,SE.PRM.REPT.MA.ZS,SE.PRM.NENR.FE,SE.PRM.CMPT.MA.ZS,SE.ADT.LITR.ZS,per_sa_allsa.cov_q5_tot,per_allsp.cov_pop_tot,NY.GSR.NFCY.CN,NY.GNP.MKTP.KD.ZG,NY.GDP.PCAP.KD,NY.GDP.FCST.CN,NY.ADJ.NNTY.PC.CD,NY.ADJ.DFOR.GN.ZS,NV.MNF.MTRN.ZS.UN,NV.FSM.TOTL.KN,NE.IMP.GNFS.KD.ZG,NE.GDI.FTOT.KD,NE.DAB.DEFL.ZS,NE.CON.PRVT.CN,VC.IDP.TOCV,TX.VAL.MRCH.R4.ZS,TX.QTY.MRCH.XD.WD,TM.VAL.MRCH.R1.ZS,TM.TAX.TCOM.SM.FN.ZS,TM.TAX.MANF.SM.FN.ZS,ST.INT.ARVL,SP.POP.TOTL.FE.ZS,SP.POP.65UP.TO.ZS,SP.POP.4044.MA.5Y,SP.POP.1519.MA.5Y,SP.M15.2024.FE.ZS,SP.DYN.AMRT.MA,SL.UEM.TOTL.ZS,SL.UEM.ADVN.MA.ZS,SL.TLF.CACT.ZS,SL.TLF.ACTI.FE.ZS,SL.TLF.0714.SW.MA.ZS,SL.MNF.0714.MA.ZS,SL.EMP.VULN.MA.ZS,SL.EMP.1524.SP.NE.ZS,SI.RMT.COST.IB.ZS,SI.POV.DDAY,SH.XPD.GHED.PC.CD,SH.UHC.NOP2.ZS,SH.STA.WAST.FE.ZS,SH.STA.OWGH.ZS,SH.STA.HYGN.RU.ZS,SH.SGR.CRSK.ZS,SH.IMM.MEAS,SH.H2O.SMDW.UR.ZS,SH.DYN.1519,SH.ANM.CHLD.ZS,SG.DMK.SRCR.FN.ZS,SE.TER.ENRR.FE,SE.SEC.UNER.LO.MA.ZS,SE.SEC.PROG.FE.ZS,SE.SEC.ENRL,SE.PRM.UNER.MA.ZS,SE.PRM.PRSL.ZS,SE.PRM.GINT.ZS,SE.PRM.AGES,SE.ADT.LITR.FE.ZS,per_sa_allsa.cov_q3_tot,per_allsp.adq_pop_tot,NY.GNS.ICTR.ZS,NY.GNP.MKTP.CN.AD,NY.GDP.PCAP.CD,NY.GDP.DISC.KN,NY.ADJ.NNTY.KD,NY.ADJ.DCO2.GN.ZS,NV.MNF.CHEM.ZS.UN,NV.AGR.TOTL.ZS,NE.IMP.GNFS.CN,NE.IMP.GNFS.KN,NE.GDI.FTOT.KD.ZG,NE.DAB.TOTL.CD,NE.CON.PRVT.CN.AD,MS.MIL.MPRT.KD,IT.MLT.MAIN,IQ.SPI.OVRL,IQ.CPA.IRAI.XQ,IP.PAT.NRES,IC.TAX.PAYM,IC.PRP.DURS,IC.FRM.FEMO.ZS,IC.ELC.DURS,HD.HCI.OVRL.LB,GC.XPN.COMP.CN,GC.TAX.EXPT.CN,GC.AST.TOTL.CN,FR.INR.RINR,FM.AST.CGOV.ZG.M3,ER.H2O.INTR.PC,EN.URB.LCTY.UR.ZS,EN.CLC.GHGR.MT.CE,EN.ATM.METH.ZG,EN.ATM.CO2E.LF.ZS,EG.FEC.RNEW.ZS,EG.CFT.ACCS.UR.ZS,DT.ODA.ODAT.GN.ZS,DT.NFL.UNEC.CD,DT.NFL.MOTH.CD,DT.DOD.MWBG.CD,DC.ODA.TLDC.GN.ZS,DC.DAC.ISLL.CD,DC.DAC.AUSL.CD,BX.GSR.TRAN.ZS,BN.KLT.PTXL.CD,BM.GSR.ROYL.CD,AG.LND.TOTL.RU.K2,AG.LND.AGRI.ZS,LP.LPI.TRAC.XQ,IT.CEL.SETS.P2,IQ.SCI.SRCE,IQ.CPA.HRES.XQ,IP.JRN.ARTC.SC,IC.TAX.OTHR.CP.ZS,IC.LGL.DURS,IC.FRM.FEMM.ZS,IC.CUS.DURS.EX,HD.HCI.OVRL.FE,GC.TAX.YPKG.ZS,GC.REV.XGRT.GD.ZS,GB.XPD.RSDV.GD.ZS,FR.INR.LNDP,FI.RES.XGLD.CD,ER.H2O.INTR.K3,EN.URB.LCTY,EN.CLC.DRSK.XQ,EN.ATM.METH.KT.CE,EN.ATM.CO2E.LF.KT,EG.ELC.RNWX.ZS,EG.CFT.ACCS.RU.ZS,DT.ODA.ODAT.GI.ZS,DT.NFL.UNDP.CD,DT.NFL.MLAT.CD,DT.DOD.MIDA.CD,DC.ODA.TLDC.CD,DC.DAC.IRLL.CD,CM.MKT.TRNR,BX.GSR.TOTL.CD,BN.KLT.DINV.CD,BM.GSR.NFSV.CD,AG.LND.TOTL.K2,IQ.SPI.PIL1,IQ.CPA.MACR.XQ,IP.PAT.RESD,IC.TAX.PRFT.CP.ZS,IC.PRP.PROC,IC.FRM.FREG.ZS,IC.ELC.OUTG,HD.HCI.OVRL.LB.FE,GC.XPN.COMP.ZS,GC.TAX.EXPT.ZS,GC.AST.TOTL.GD.ZS,FR.INR.RISK,FM.AST.DOMO.ZG.M3,ER.LND.PTLD.ZS,EN.URB.MCTY,EN.CLC.MDAT.ZS,EN.ATM.NOXE.AG.KT.CE,EN.ATM.CO2E.PC,EG.GDP.PUSE.KO.PP,EG.CFT.ACCS.ZS,DT.ODA.ODAT.KD,DT.NFL.UNEP.CD,DT.NFL.NIFC.CD,DT.DOD.PVLX.CD,DC.ODA.TOTL.CD,DC.DAC.ITAL.CD,DC.DAC.AUTL.CD,BX.GSR.TRVL.ZS,BN.RES.INCL.CD,BM.GSR.TOTL.CD,AG.LND.TOTL.UR.K2,AG.LND.ARBL.HA,TX.VAL.SERV.CD.WT,TX.VAL.MMTL.ZS.UN,TM.VAL.MRCH.WR.ZS,TM.VAL.ICTG.ZS.UN,TM.TAX.MRCH.SM.FN.ZS,ST.INT.XPND.CD,SP.REG.DTHS.ZS,SP.POP.DPND,SP.POP.6064.MA.5Y,SP.POP.2024.MA.5Y,SP.POP.0014.MA.ZS,SP.DYN.LE00.FE.IN,SM.POP.TOTL.ZS,SL.UEM.NEET.FE.ZS,SL.TLF.TOTL.IN,SL.TLF.BASC.ZS,SL.TLF.0714.WK.ZS,SL.SRV.EMPL.FE.ZS,SL.FAM.WORK.FE.ZS,SL.EMP.SMGT.FE.ZS,SL.AGR.0714.ZS,SI.POV.MDIM.FE,SI.DST.02ND.20,SH.XPD.CHEX.PC.CD,SH.TBS.INCD,SH.STA.STNT.MA.ZS,SH.STA.ODFC.RU.ZS,SH.STA.BASS.RU.ZS,SH.MLR.TRET.ZS,SH.HIV.INCD.TL,SH.DYN.NCOM.MA.ZS,SH.DTH.COMM.ZS,SG.VAW.GOES.ZS,SE.XPD.PRIM.ZS,SE.TER.CUAT.MS.FE.ZS,SE.SEC.TCAQ.UP.FE.ZS,SE.SEC.ENRL.VO.FE.ZS,SE.SEC.CUAT.LO.ZS,SE.PRM.TCHR.FE.ZS,SE.PRM.OENR.MA.ZS,SE.PRM.ENRL,SE.PRE.DURS,per_si_allsi.cov_q3_tot,per_lm_alllm.cov_q3_tot,NY.TRF.NCTR.CN,NY.GNP.PCAP.KD,NY.GDP.TOTL.RT.ZS,NY.GDP.MKTP.CN,NY.ADJ.SVNX.GN.ZS,NY.ADJ.DNGY.GN.ZS,NV.SRV.TOTL.CN,NV.IND.MANF.KN,NE.RSB.GNFS.ZS,NE.GDI.STKB.KN,NE.EXP.GNFS.CD,NE.CON.PRVT.PC.KD.ZG,MS.MIL.XPND.GD.ZS,IT.NET.SECR.P6,TX.VAL.MRCH.XD.WD,TX.VAL.INSF.ZS.WT,TM.VAL.MRCH.RS.ZS,TM.VAL.FOOD.ZS.UN,TM.TAX.MRCH.IP.ZS,ST.INT.TVLR.CD,SP.REG.BRTH.UR.ZS,SP.POP.80UP.MA.5Y,SP.POP.5559.MA.5Y,SP.POP.1564.TO.ZS,SP.POP.0014.FE.ZS,SP.DYN.IMRT.IN,SM.POP.REFG.OR,SL.UEM.INTM.MA.ZS,SL.TLF.PART.ZS,SL.TLF.BASC.FE.ZS,SL.TLF.0714.WK.MA.ZS,SL.SRV.0714.MA.ZS,SL.FAM.0714.MA.ZS,SL.EMP.SELF.MA.ZS,SL.AGR.0714.FE.ZS,SI.POV.MDIM.17,SH.XPD.PVTD.PC.CD,SH.VAC.TTNS.ZS,SH.TBS.CURE.ZS,SH.STA.SMSS.ZS,SH.STA.MMRT,SH.STA.ANVC.ZS,SH.MLR.INCD.P3,SH.HIV.INCD,SH.DYN.MORT.MA,SH.DTH.1519,SG.VAW.ARGU.ZS,SE.XPD.CTOT.ZS,SE.TER.CUAT.DO.MA.ZS,SE.SEC.TCAQ.LO.ZS,SE.SEC.ENRL.UP.TC.ZS,SE.SEC.CUAT.LO.FE.ZS,SE.PRM.TCAQ.ZS,SE.PRM.NINT.ZS,SE.PRM.CUAT.ZS,SE.ENR.SECO.FM.ZS,per_si_allsi.cov_q1_tot,per_lm_alllm.cov_q1_tot,NY.TAX.NIND.KN,NY.GNP.PCAP.CD,NY.GDP.PCAP.PP.KD,NY.GDP.MINR.RT.ZS,NY.ADJ.SVNG.GN.ZS,NY.ADJ.DMIN.GN.ZS,NV.SRV.EMPL.KD,NV.IND.MANF.KD,NE.RSB.GNFS.CN,NE.GDI.STKB.CD,NE.DAB.TOTL.KN,NE.CON.PRVT.KN,MS.MIL.XPND.CD,IT.NET.BBND.P2,IE.PPN.ENGY.CD,IC.REG.PROC.FE,IC.IMP.CSBC.CD,IC.FRM.BNKS.ZS,IC.BUS.EASE.XQ,GC.XPN.TOTL.CN,GC.TAX.OTHR.CN,GC.NLD.TOTL.GD.ZS,FX.OWN.TOTL.MA.ZS,FM.LBL.BMNY.ZG,FB.CBK.DPTR.P3,ER.H2O.FWAG.ZS,EN.MAM.THRD.NO,EN.ATM.PM25.MC.T1.ZS,EN.ATM.GHGT.ZG,EG.USE.PCAP.KG.OE,EG.ELC.LOSS.ZS,DT.TDS.DPPF.XP.ZS,DT.NFL.WHOL.CD,DT.NFL.PRVT.CD,DT.NFL.IFAD.CD,DT.DOD.DPPG.CD,DC.DAC.PRTL.CD,DC.DAC.ESPL.CD,CM.MKT.INDX.ZG,BX.GSR.FCTY.CD,BN.CAB.XOKA.GD.ZS,BG.GSR.NFSV.GD.ZS,AG.LND.EL5M.UR.ZS,IS.AIR.GOOD.MT.K1,IQ.CPA.REVN.XQ,IQ.CPA.BREG.XQ,IE.PPI.TRAN.CD,IC.REG.DURS.MA,IC.FRM.TRNG.ZS,IC.EXP.TMDC,IC.BUS.DFRN.XQ,GC.XPN.OTHR.CN,GC.TAX.INTT.CN,GC.NFN.TOTL.GD.ZS,FX.OWN.TOTL.60.ZS,FM.LBL.BMNY.GD.ZS,FB.CBK.BRCH.P5,ER.FSH.PROD.MT,EN.FSH.THRD.NO,EN.ATM.PFCG.KT.CE,EN.ATM.GHGO.ZG,EG.USE.CRNW.ZS,EG.ELC.FOSL.ZS,DT.TDS.DECT.GN.ZS,DT.NFL.UNWT.CD,DT.NFL.PNGC.CD,DT.NFL.FAOG.CD,DT.DOD.DLXF.CD,DC.DAC.NZLL.CD,DC.DAC.DEUL.CD,BX.TRF.PWKR.CD.DT,SE.PRE.TCAQ.FE.ZS,BX.GSR.CCIS.ZS,BM.TRF.PWKR.CD.DT,AG.SRF.TOTL.K2,AG.LND.EL5M.RU.ZS,VC.BTL.DETH,TX.VAL.MRCH.R1.ZS,TM.VAL.TRVL.ZS.WT,TM.VAL.MRCH.CD.WT,TM.TAX.TCOM.BR.ZS,TM.TAX.MANF.BR.ZS,SP.URB.TOTL,SP.POP.TECH.RD.P6,SP.POP.65UP.MA.IN,SP.POP.3539.FE.5Y,SP.POP.1014.FE.5Y,SP.DYN.TO65.MA.ZS,SN.ITK.VITA.ZS,SL.UEM.TOTL.MA.NE.ZS,SL.UEM.1524.NE.ZS,SL.TLF.CACT.MA.NE.ZS,SL.TLF.ACTI.1524.MA.ZS,SL.TLF.0714.SW.FE.TM,SL.IND.EMPL.MA.ZS,SL.EMP.TOTL.SP.NE.ZS,SL.EMP.1524.SP.FE.ZS,SI.POV.NAHC,SI.DST.50MD,SH.XPD.GHED.CH.ZS,SH.UHC.NOP2.CG,SH.STA.SUIC.P5,SH.STA.OWGH.FE.ZS,SH.STA.BRTW.ZS,SH.PRV.SMOK,SH.HIV.PMTC.ZS,SH.H2O.BASW.UR.ZS,SH.DTH.NMRT,SH.ALC.PCAP.LI,SE.XPD.TOTL.GB.ZS,SE.TER.CUAT.ST.ZS,SE.SEC.TCHR.FE,SE.SEC.NENR.FE,SE.SEC.CUAT.UP.MA.ZS,SE.PRM.UNER.FE,SE.PRM.PRS5.ZS,SE.PRM.ENRR.MA,SE.ADT.1524.LT.FM.ZS,per_sa_allsa.cov_pop_tot,PA.NUS.PPP,NY.GNS.ICTR.CD,NY.GNP.ATLS.CD,NY.GDP.MKTP.PP.CD,NY.GDP.DEFL.ZS,NY.ADJ.NNAT.CD,NY.ADJ.AEDU.CD,NV.IND.TOTL.KD.ZG,NV.AGR.TOTL.KD,NE.GDI.TOTL.KN,NE.EXP.GNFS.ZS,NE.CON.TOTL.CN,TX.VAL.MRCH.WL.CD,TX.VAL.FUEL.ZS.UN,TM.VAL.MRCH.R5.ZS,TM.UVI.MRCH.XD.WD,TM.TAX.MRCH.BC.ZS,ST.INT.TRNR.CD,SP.REG.BRTH.MA.ZS,SP.POP.7579.MA.5Y,SP.POP.5054.MA.5Y,SP.POP.1564.MA.ZS,SP.POP.0004.MA.5Y,SP.DYN.CONU.ZS,SM.POP.NETM,SL.UEM.BASC.ZS,SL.TLF.PART.FE.ZS,SL.TLF.ADVN.MA.ZS,SL.TLF.0714.WK.FE.ZS,SL.SLF.0714.ZS,SL.EMP.WORK.ZS,SL.EMP.MPYR.ZS,SI.SPR.PCAP,SI.POV.LMIC.GP,SH.XPD.OOPC.PP.CD,SH.UHC.OOPC.25.ZS,SH.SVR.WAST.MA.ZS,SH.STA.SMSS.RU.ZS,SH.STA.MALN.MA.ZS,SH.STA.AIRP.MA.P5,SH.MED.PHYS.ZS,SH.HIV.1524.MA.ZS,SH.DYN.MORT,SH.DTH.0509,SG.TIM.UWRK.MA,SE.XPD.CSEC.ZS,SE.TER.CUAT.BA.ZS,SE.SEC.TCAQ.LO.FE.ZS,SE.SEC.CMPT.LO.MA.ZS,SE.PRM.TCAQ.FE.ZS,SE.PRM.NINT.FE.ZS,SE.PRM.CUAT.FE.ZS,SE.ENR.PRIM.FM.ZS,per_si_allsi.ben_q1_tot,per_lm_alllm.ben_q1_tot,NY.TAX.NIND.CD,NY.GNP.MKTP.PP.CD,NY.GDP.PCAP.KN,NY.GDP.FCST.KN,NY.ADJ.NNTY.PC.KD.ZG,NY.ADJ.DKAP.GN.ZS,NV.MNF.TECH.ZS.UN,NV.IND.MANF.CD,NE.IMP.GNFS.ZS,NE.GDI.FTOT.KN,NE.DAB.TOTL.CN,NE.CON.PRVT.KD,MS.MIL.TOTL.P1,IT.MLT.MAIN.P2,IT.NET.USER.ZS,IS.AIR.DPRT,IQ.CPA.PUBS.XQ,IP.TMK.TOTL,IE.PPI.ICTI.CD,IC.REG.DURS.FE,IC.FRM.THEV.ZS,IC.EXP.TMBC,HD.HCI.OVRL.UB.MA,GC.XPN.INTP.ZS,GC.TAX.IMPT.ZS,GC.NFN.TOTL.CN,FX.OWN.TOTL.40.ZS,FM.LBL.BMNY.CN,FB.BNK.CAPA.ZS,ER.FSH.CAPT.MT,EN.CO2.TRAN.ZS,EN.ATM.NOXE.ZG,EN.ATM.GHGO.KT.CE,EG.USE.COMM.GD.PP.KD,EG.ELC.COAL.ZS,DT.TDS.DECT.EX.ZS,DT.NFL.UNTA.CD,DT.NFL.PNGB.CD,DT.NFL.DPNG.CD,DT.DOD.DIMF.CD,DC.DAC.NORL.CD,DC.DAC.CZEL.CD,BX.TRF.PWKR.CD,BX.GSR.CCIS.CD,BM.TRF.PRVT.CD,AG.PRD.LVSK.XD,AG.LND.EL5M.RU.K2
2000,,,,,,,,,,,,,,,,,,,,,,,,,,,,,,,,,,,,,,,,,,,,,,,,,,,,12.0,,,,,,,,,,,,,,,,,,,,,,,,,,,,,,,,,,,,,,,,,,,,,,,,,,,,,,,,,,,0.0,,,,,,,,,,,,,,,,,,,,,,,,,,,,,,,,,,,,,,10.88235294,,,,,,,,,,,,,,,,,,,,,,,,,,,,,,,,,,,,,,,5.0,,,,,,,,,,,,,,,,,,,,,,,,,,,100.0,30519.0,,,,,,,,,,,,,,,,,,,,,,,96.53851369,,,,,,,,,,,,,,,,,,,,,,,,,,,,,,,,,,,,,,,,,,,,,,,,,,,,,,,,,,,,,,,,,,,,,,127000000.0,,,,,,,,,,,,,,,,,,,,,,,,,,,,,,,,,,,6.0,,,,,,,,,,,,,,,,,,,,,,,,-1.834377687,,,,,,,,,,,,,,,,,,,,,,,,,,,,,,,,,,,,,,,,,,,,,,,,,,,,,,,,,,,,,,,,,,,,,,,,,,100.0,,,,,,,,,,,,,,,,,,,,,,,,,,,,,,,,100.0,,,,,,,,,,,,,,,,,,,,,0.0,-1.834377687,,,,,,,,,,,,,,,,,,,,,,,,,,,,,,,,,,,,,,,,,,,,,,,,,,0.0,,,,,,,,,,,,,,,,,,,,0.497086444,98.38442361,,,,,,,,,,,,,,,,,,,,,,,,,,,,,,,,,,,,,,,,,,,,,,,,,,,,,,,,,,,,,,,,,,,,,,,,,,,,,,,,,,,,,,,,,,,,,,,,,,,,,,,,,,,,,897.6176471,,,,,,,,,,,,,,,,,,,,,,,,,,,,,,,,,,,,,,,,,,,0.497086444,98.38442361,,,,,,,,,,,,,,,,,,,,,,,,,,,,,,,,,,,,,,,,,,,,,,,,,,,,,,,,,,,,,,,,,,,,,,,,,,,,,,,,,,,,,,,,,,,,,,,,,,,,,,,,,,,,,,,,,,,,,,3.7,,,,,,,,,,,,,,,,,,,,,,,,0.0,,,,,,,,,,,,,,,,,,,,,,,,,,,,,,,,,,,,,,,,,,,,,,,,,,,,,,,,,,,,,,,,,,,,,,,,,,,,,,,,,,,,,12.0,,,,,,,,,,,,,,,,,,,,,,,,,1300000.0,,,,,,,,,,,,,,,,,,,,,,,,,,,,,,,,,,,6.0,,,,,,,,,,,,,,,,,,,,,,,,,,,,,,,,,,,,,0.0,,,,,,,,,,,,,,,,,,,,,,,,,,,,,,,,,,,,,,,,,,,,,,34.0,,,,,,,,,,,,,,,,,,,,,,,,,,,,,,,,,,,,,,,,,,,,,,,,,,,,,,,,,,,,,,,,,,,,,,,,,,,,,,,,,,,,,,,,,,,,,,,,511000000.0,,,,,,,,,,,,,,,,,,,,,,,,,,,,,,,,,,,,,,,,,,,,,,,,,,,,,,,,,,,,,,,,,,,,,,,,,,,,,,,,,,,,,,,,,,,,,,,,,,,,,,,,,,,,,,,,,34.0,,,,,,,,30519.0,,,,,,,,,,,,,,,,,,,,,,,,96.53851369,,,,,,,,,,,,,,,,,,,,,,,,,,,,,,,,,,,,,,,,,,,,,,,,,,,,,,,,,,,,,,,,,,,,,,,,,,,,,,,,,,,,,,,,,,,,,,,,,,,,,,,,,,,,,,,,,,
2001,,,,,,,,,,,,,,,,,,,,,,,,,,,,,,,,,,,,,,,,,,,,,,,,,,,,12.0,,,,,,,,,,,,,,,,,,,,,,,,,,,,,,,,,,,,,,,,,,,,,,,,,,,,,,,,,,,0.0,,,,,,,,,,,,,,,,,,,,,,,,,,,,,,,,,,,,,,,,,,,,,,,,,,,,,,,,,,,,,,,,,,,,,,,,,,,,,5.0,,,,,,,,,,,,,,,,,,,,,,,,,,,100.0,30600.0,,,,,,,,,,,,,,,,,,,,,,,96.44410335,,,,,,,,,,,,,,,,,,,,,,,,,,,,,,,,,,,,,,,,,,,,,,,,,,,,,,,,,,,,,,,,,,,,,,137000000.0,,,,,,,,,,,,,,,,,,,,,,,,,,,,,,,,,,,6.0,,,,,,,,,,,,,,,,,,,,,,,,0.265056848,,,,,,,,,,,,,,,,,,,,,,,,,,,,,,,,,,,,,,,,,,,,,,,,,,,,,,,,,,,,,,,,,,,,,,,,,,100.0,,,,,,,,,,,,,,,,,,,,,,,,,,,,,,,,100.0,,,,,,,,,,,,,,,,,,,,,0.0,0.265056848,,,,1.95,,,,,,,,,,,,,,,,,,,,,,,,,,,,,,,,,,,,,,,,,,,,,,0.0,,,,,,,,,,,,,,,,,,,,0.468955168,98.41493153,,,,,,,,,,,,,,,,,,,,,,,,,,,,,,,,,,,,,,,,,,,,,,,,,,,,,,,,,,,,,,,,,,,,,,,,,,,,,,,,,,,,,,,,,,,,,,,,,,,,,,,,,,,,,900.0,,,,,,,,,,,,,,,,,,,,,,,,,,,,,,,,,,,,,,,,,,,0.468955168,98.41493153,,,,,,,,,,,,,,,,,,,,,,,,,,,,,,,,,,,,,,,,,,,,,,,,,,,,,,,,,,,,,,,,,,,,,,,,,,,,,,,,,,,,,,,,,,,,,,,,,,,,,,,,,,,,,,,,,,,,,,,,,,,,,,,,,,,,,,,,,,,,,,0.0,,,,,,,,,,,,,,,,,,,,,,,,,,,,,,,,,,,,,,,,,,,,,,,,,,,,,,,,,,,,,,,,,,,,,,,,,,,,,,,,,,,,,12.0,,,,,,,,,,,,,,,,,,,,,,,,,1271000.0,,,,,,,,,,,,,,,,,,,,,,,,,,,,,,,,,,,6.0,,,,,,,,,,,,,,,,,,,,,,,,,,,,,,,,,,,,,0.0,,,,,,,,,,,,,,,,,,,,,,,,,,,,,,,,,,,,,,,,,,,,,,34.0,,,,,,,,,,,,,,,,,,,,,,,,,,,,,,,,,,,,,,,,,,,,,,,,,,,,,,,,,,,,,,,,,,,,,,,,,,,,,,,,,,,,,,,,,,,,,,,,484000000.0,,,,,,,,,,,,,,,,,,,,,,,,,,,,,,,,,,,,,,,,,,,,,,,,,,,,,,,,,,,,,,,,,,,,,,,,,,,,,,,,,,,,,,,,,,,,,,,,,,,,,,,,,,,,,,,,,34.0,,,,,,,,30600.0,,,,,,,,,,,,,,,,,,,,,,,,96.44410335,,,,,,,,,,,,,,,,,,,,,,,,,,,,,,,,,,,,,,,,,,,,,,,,,,,,,,,,,,,,,,,,,,,,,,,,,,,,,,,,,,,,,,,,,,,,,,,,,,,,,,,,,,,,,,,,,,
2002,,,,,,,,,,,,,,,,,,,,,,,,,,,,,,,,,,,,,,,,,,,,,,,,,,,,12.0,,,,,,,,,,,,,,,,,,,,,,,,,,,,,,,,,,,,,,,,,,,,,,,,,,,,,,,,,,,0.0,,,,,,,,,,,,,,,,,,,,,,,,,,,,,,,,,,,,,,,,,,,,,,,,,,,,,,,,,,,,,,,,,,,,,,,,,,,,,5.0,,,,,,,,,,,,,,,,,,,,,,,,,,,100.0,30777.0,,,,,,,,,,,,,,,,,,,,,,,96.34969302,,,,,,,,,,,,,,,,,,,,,,,,,,,,,,,,,,,,,,,,,,,,,,,,,,,,,,,,,,,,,,,,,,,,,,140000000.0,,,,,,,,,,,,,,,,,,,,,,,,,,,,,,,,,,,6.0,,,,,,,,,,,,,,,,,,,,,,,,0.576764882,,,,,,,,,,,,,,,,,,,,,,,,,,,,,,,,,,,,,,,,,,,,,,,,,,,,,,,,,,,,,,,,,,,,,,,,,,100.0,,,,,,,,,,,,,,,,,,,,,,,,,,,,,,,,100.0,,,,,,,,,,,,,,,,,,,,,0.0,0.576764882,,,,,,,,,,,,,,,,,,,,,,,,,,,,,,,,,,,,,,,,,,,,,,,,,,0.0,,,,,,,,,,,,,,,,,,,,0.440823892,98.44543945,,,,,,,,,,,,,,,,,,,,,,,,,,,,,,,,,,,,,,,,,,,,,,,,,,,,,,,,,,,,,,,,,,,,,,,,,,,,,,,,,,,,,,,,,,,,,,,,,,,,,,,,,,,,,905.2058824,,,,,,,,,,,,,,,,,,,,,,,,,,,,,,,,,,,,,,,,,,,0.440823892,98.44543945,,,,,,,,,,,,,,,,,,,,,,,,,,,,,,,,,,,,,,,,,,,,,,,,,,,,,,,,,,,,,,,,,,,,,,,,,,,,,,,,,,,,,,,,,,,,,,,,,,,,,,,,,,,,,,,,,,,,,,,,,,,,,,,,,,,,,,,,,,,,,,0.0,,,,,,,,,,,,,,,,,,,,,,,,,,,,,,,,,,,,,,,,,,,,,,,,,,,,,,,,,,,,,,,,,,,,,,,,,,,,,,,,,,,,,12.0,,,,,,,,,,,,,,,,,,,,,,,,,1436000.0,,,,,,,,,,,,,,,,,,,,,,,,,,,,,,,,,,,6.0,,,,,,,,,,,,,,,,,,,,,,,,,,,,,,,,,,,,,0.0,,,,,,,,,,,,,,,,,,,,,,,,,,,,,,,,,,,,,,,,,,,,,,34.0,,,,,,,,,,,,,,,,,,,,,,,,,,,,,,,,,,,,,,,,,,,,,,,,,,,,,,,,,,,,,,,,,,,,,,,,,,,,,,,,,,,,,,,,,,,,,,,,489000000.0,,,,,,,,,,,,,,,,,,,,,,,,,,,,,,,,,,,,,,,,,,,,,,,,,,,,,,,,,,,,,,,,,,,,,,,,,,,,,,,,,,,,,,,,,,,,,,,,,,,,,,,,,,,,,,,,,34.0,,,,,,,,30777.0,,,,,,,,,,,,,,,,,,,,,,,,96.34969302,,,,,,,,,,,,,,,,,,,,,,,,,,,,,,,,,,,,,,,,,,,,,,,,,,,,,,,,,,,,,,,,,,,,,,,,,,,,,,,,,,,,,,,,,,,,,,,,,,,,,,,,,,,,,,,,,,
2003,,,,,,,,,,,,,,,,,,,,,,,,,,,,,,,,,,,,,,,,,,,,,,,,,,,,12.0,,,,,,,,,,,,,,,,,,,,,,,,,,,,,,,,,,,,,,,,,,,,,,,,,,,,,,,,,,,0.0,,,,,,,,,,,,,,,,,,,,,,,,,,,,,,,,,,,,,,,,,,,,,,,,,,,,,,,,,,,,,,,,,,,,,,,,,,,,,5.0,,,,,,,,,,,,,,,,,,,,,,,,,,,100.0,31472.0,,,,,,,,,,,,,,,,,,,,,,,96.25528268,,,,,,,,,,,,,,,,,,,,,,,,,,,,,,,,,,,,,,,,,,,,,,,,,,,,,,,,,,,,,,,,,,,,,,144000000.0,,,,,,,,,,,,,,,,,,,,,,,,,,,,,,,,,,,6.0,,,,,,,,,,,,,,,,,,,,,,,,2.233060387,,,,,,,,,,,,,,,,,,,,,,,,,,,,,,,,,,,,,,,,,,,,,,,,,,,,,,,,,,,,,,,,,,,,,,,,,,100.0,,,,,,,,,,,,,,,,,,,,,,,,,,,,,,,,100.0,,,,,,,,,,,,,,,,,,,,,0.0,2.233060387,,,,,,,,,,,,,,,,,,,,,,,,,,,,,,,,,,,,,,,,,,,,,,,,,,0.0,,,,,,,,,,,,,,,,,,,,0.412692616,98.47594737,,,,,,,,,,,,,,,,,,,,,,,,,,,,,,,,,,,,,,,,,,,,,,,,,,,,,,,,,,,,,,,,,,,,,,,,,,,,,,,,,,,,,,,,,,,,,,,,,,,,,,,,,,,,,925.6470588,,,,,,,,,,,,,,,,,,,,,,,,,,,,,,,,,,,,,,,,,,,0.412692616,98.47594737,,,,,,,,,,,,,,,,,,,,,,,,,,,,,,,,,,,,,,,,,,,,,,,,,,,,,,,,,,,,,,,,,,,,,,,,,,,,,,,,,,,,,,,,,,,,,,,,,,,,,,,,,,,,,,,,,,,,,,,,,,,,,,,,,,,,,,,,,,,,,,0.0,,,,,,,,,,,,,,,,,,,,,,,,,,,,,,,,,,,,,,,,,,,,,,,,,,,,,,,,,,,,,,,,,,,,,,,,,,,,,,,,,,,,,12.0,,,,,,,,,,,,,,,,,,,,,,,,,1600000.0,,,,,,,,,,,,,,,,,,,,,,,,,,,,,,,,,,,6.0,,,,,,,,,,,,,,,,,,,,,,,,,,,,,,,,,,,,,0.0,,,,,,,,,,,,,,,,,,,,,,,,,,,,,,,,,,,,,,,,,,,,,,34.0,,,,,,,,,,,,,,,,,,,,,,,,,,,,,,,,,,,,,,,,,,,,,,,,,,,,,,,,,,,,,,,,,,,,,,,,,,,,,,,,,,,,,,,,,,,,,,,,538000000.0,,,,,,,,,,,,,,,,,,,,,,,,,,,,,,,,,,,,,,,,,,,,,,,,,,,,,,,,,,,,,,,,,,,,,,,,,,,,,,,,,,,,,,,,,,,,,,,,,,,,,,,,,,,,,,,,,34.0,,,,,,,,31472.0,,,,,,,,,,,,,,,,,,,,,,,,96.25528268,,,,,,,,,,,,,,,,,,,,,,,,,,,,,,,,,,,,,,,,,,,,,,,,,,,,,,,,,,,,,,,,,,,,,,,,,,,,,,,,,,,,,,,,,,,,,,,,,,,,,,,,,,,,,,,,,,
2004,,,,,,,,,,,,,,,,,,,,,,,,,,,,,,,,,,,,,,,,,,,,,,,,,,,,12.0,,,,,,,,,,,,,,,,,,,,,,,,,,,,,,,,,,,,,,,,,,,,,,,,,,,,,,,,,,,0.0,,,,,,,,,,,,,,,,,,,,,,,,,,,,,,,,,,,,,,,,,,,,,,,,,,,,,,,,,,,,,,,,,,,,,,,,,,,,,5.0,,,,,,,,,,,,,,,,,,,,,,,,,,,100.0,32488.0,,,,,,,,,,,,,,,,,,,,,,,96.16087235,,,,,,,,,,,,,,,,,,,,,,,,,,,,,,,,,,,,,,,,,,,,,,,,,,,,,,,,,,,,,,,,,,,,,,80000000.0,,,,,,,,,,,,,,,,,,,,,,,,,,,,,,,,,,,6.0,,,,,,,,,,,,,,,,,,,,,,,,3.177252874,,,,,,,,,,,,,,,,,,,,,,,,,,,,,,,,,,,,,,,,,,,,,,,,,,,,,,,,,,,,,,,,,,,,,,,,,,100.0,,,,,,,,,,,,,,,,,,,,,,,,,,,,,,,,100.0,,,,,,,,,,,,,,,,,,,,,0.0,3.177252874,,,,,,,,,,,,,,,,,,,,,,,,,,,,,,,,,,,,,,,,,,,,,,,,,,0.0,,,,,,,,,,,,,,,,,,,,0.38456134,98.50645529,,,,,,,,,,,,,,,,,,,,,,,,,,,,,,,,,,,,,,,,,,,,,,,,,,,,,,,,,,,,,,,,,,,,,,,,,,,,,,,,,,,,,,,,,,,,,,,,,,,,,,,,,,,,,955.5294118,,,,,,,,,,,,,,,,,,,,,,,,,,,,,,,,,,,,,,,,,,,0.38456134,98.50645529,,,,,,,,,,,,,,,,,,,,,,,,,,,,,,,,,,,,,,,,,,,,,,,,,,,,,,,,,,,,,,,,,,,,,,,,,,,,,,,,,,,,,,,,,,,,,,,,,,,,,,,,,,,,,,,,,,,,,,,,,,,,,,,,,,,,,,,,,,,,,,0.0,,,,,,,,,,,,,,,,,,,,,,,,,,,,,,,,,,,,,,,,,,,,,,,,,,,,,,,,,,,,,,,,,,,,,,,,,,,,,,,,,,,,,12.0,,,,,,,,,,,,,,,,,,,,,,,,,1823000.0,,,,,,,,,,,,,,,,,,,,,,,,,,,,,,,,,,,6.0,,,,,,,,,,,,,,,,,,,,,,,,,,,,,,,,,,,,,0.0,,,,,,,,,,,,,,,,,,,,,,,,,,,,,,,,,,,,,,,,,,,,,,34.0,20.0,,,,,,,,,,,,,,,,,,,,,,,,,,,,,,,,,,,,,,,,,,,,,,,,,,,,,,,,,,,,,,,,,,,,,,,,,,,,,,,,,,,,,,,,,,,,,,,626000000.0,,,,,,,,,,,,,,,,,,,,,,,,,,,,,,,,,,,,,,,,,,,,,,,,,,,,,,,,,,,,,,,,,,,,,,,,,,,,,,,,,,,,,,,,,,,,,,,,,,,,,,,,,,,,,,,,,34.0,,,,,,,,32488.0,,,,,,,,,,,,,,,,,,,,,,,,96.16087235,,,,,,,,,,,,,,,,,,,,,,,,,,,,,,,,,,,,,,,,,,,,,,,,,,,,,,,,,,,,,,,,,,,,,,,,,,,,,,,,,,,,,,,,,,,,,,,,,,,,,,,,,,,,,,,,,,
2005,,,,,,,,,,,,,,,,,,,,,,,,,,,,,,,,,,,,,,,,,,,,,,,,,,,,12.0,,,,,,,,,,,,,,,,,,,,,,,,,,,,,,,,,,,,,,,,,,,,,,,,,,,,,,,,,,,0.0,,,,,,,,,,,,,,,,,,,,,,,,,,,,,,,,,,,,,,,,,,,,,,,,,,,,,,,,,,,,,,,,,,,,,,,,,,,,,5.0,,,,,,,1.603164005,,,,,,,,,,,,,,,,,,,,100.0,33011.0,,,,,,,,,,,,,,,,,,,,,,,96.06646201,,,,,,,,,,,,,,,,,,,,,,,,,,,,,,,,,,,,,,,,,,,,,,,,,,,,,,,,,,,,,,,,,,,,,,94000000.0,,,,,,,13100.0,,,,,,,,,,,,,,,,,,,,,,,,,,,,6.0,,,,,,,,,,,,,,,,,,,,,,,,1.597004887,,,,,,,,,,,,,,,,,,,,,,,,,,,,,,,,,,,,,,,,,,,,,,,,,,,,,,,,,,,,,,,,,,,,,,,,,,100.0,,,,,,,,,,,,,,,,,,,,,,,,,,,,,,,,100.0,,,,,,,,,,,,,,,,,,,,,0.0,1.597004887,,,,,,,,,,,,,,,,,,,,,,,,,,,,,,,,,,,,,,,,,,,,,,,,,,0.0,,,,,,,,,,,,,,,,,,,,0.356430064,98.53696321,,,,,,,,,,,,,,,,,,,,,,,,,,,,,,,,,,,,,,,,,,,,,,,,,,,,,,,,,,,,,,,,,6.5625,,,,,,,,,,,,,,,,,,,,,,,,,,,,,,,,,,,,,,,,,89.2838172,,,970.9117647,,,,,,,,,,,,,,,,,,,,,,,,,,,,,,,,,,,,,,,,,,,0.356430064,98.53696321,,,,,,,,,,,,,,,,,,,,,,,,,,,,,,,,,,,,,,,,,,,12.8,,,,,,,,,,,,,,,,,,,,,,,,,,,,,,,,,,,,,,,,,,,,,,,,,,,,,,,,,,,,,,,,,,,,,,,,,,,,,,,,,,,,,,,,,,,,,,,,,,,0.0,,,,,,,,,,,,,,,,,,,,,,,,,,,,,,,,,,,,,,,,,,,,,,,,,,,,,,,,,,,3.4,,,,,,,,,,,,,,,,,,,,,,,,,,12.0,,,,,,,,,,,,,,,,,,,,,,,,,1956000.0,,,,,,,,,,,,,,,,,,,,,,,,,,,,,,,,,,,6.0,,,,,,,,,,,,,,,,,,,,,,,,,,,,,,,,,,,,,0.0,,,,,,,,,,,,,,,,,,,,,,,,,,,,,,,,,,,,,,,,,,,,,,34.0,20.0,,,,,,,,,,,,,,,,,,,,,,,,,,,,,,,,,,,,,,,,,,,,40.27299557,,,,,,,,,,,,,,,,,,,,,,,,,,,,,,,,,,,,,,,,,,,,,,,,,,,659000000.0,,,,,,,,,,,,,,,,,,,,,,,,,,,,,,,,,,,,,,,,,,,,,,,,,,,,,,,,,,,,,,,,,,,,,,,,,,,,,,,,,,,,,,,,,,,,,,,,,,,,,,,,,,,,,0.0,,,,34.0,,,,,,,,33011.0,,,,,,,,,,,,,,,,,,,,,,,,96.06646201,,,,,,,,,,,,,,,,,,,,,,,,,,,,,,,,,,,,,,,,,,,,,,,,,,,,,,,,,,,,,,,,,,,,,,,,,,,,,,,,,,,,,,,,,,,,,,,,,,,,,,,,,,,,,,,,,,
2006,,,,,,,,,,,,,,,,,,,,,,,,,,,,,,,,,,,,,,,,,,,,,,,,,,,,12.0,,,,,,,,,,,,,,,,,,,,,,,,,,,,,,,,,,,,,,,,,,,,,,,,,,,,,,,,,,,0.0,,,,,,,,,,,,,,,,,,,,,,,,,,,,,,,,,,,,,,,,,,,,,,,,,,,,,,,,,,,,,,,,,,,,,,,,,,,,,5.0,,,,,,,1.557731585,,,,,,,,,,,,,,,,,,,,100.0,33441.0,,,,,,,,,,,,,,,,,,,,,,,95.97205168,,,,,,,,,,,,,,,,,,,,,,,,,,,,,,,,,,,,,,,,,,,,,,,,,,,,,,,,,,,,,,,,,,,,,,86000000.0,,,,,,,,,,,,,,,,,,,,,,,,,,,,,,,,,,,6.0,,,,,,,,,,,,,,,,,,,,,,,,1.294185282,,,,,,,,,,,,,,,,,,,,,,,,,,,,,,,,,,,,,,,,,,,,,,,,,,,,,,,,,,,,,,,,,,,,,,,,,,100.0,,,,,,,,,,,,,,,,,,,,,,,,,,,,,,,,100.0,,,,,,,,,,,,,,,,,,,,,0.0,1.294185282,,,,,,,,,,,,,,,,,,,,,,,,,,,,,,,,,,,,,,,,,,,,,,,,,,0.0,,,,,,,,,,,,,,,,,,,,0.328298788,98.56747113,,,,,,,,,,,,,,,,,,,,,,,,,,,,,,,,,,,,,,,,,,,,,,,,,,,,,,,,,,,,,,,,,6.5625,,,,,,,,,,,,,,,,,,,,,,,,,,,,,,,,,,,,,,,,,89.55220542,,,983.5588235,,,,,,,,,,,,,,,,,,,,,,,,,,,,,,,,,,,,,,,,,,,0.328298788,98.56747113,,,,,,,,,,,,,,,,,,,,,,,,,,,,,,,,,,,,,,,,,,,13.7,,,,,,,,,,,,,,,,,,,,,,,,,,,,,,,,,,,,,,,,,,,,,,,,,,,,,,,,0.300601202,,,,,,,,,,,,,,,,,,,,,,,,,,,,,,,,,,,,,,,,,,,0.0,,,,,,,,,,,,,,,,,,,,,,,,,,,,,,,,,,,,,,,,,,,,,,,,,,,,,,,,,,,3.6,,,,,,,,,,,,,,,,,,,,,,,,,,12.0,,,,,,,,,,,,,,,,,,,,,,,,,1890000.0,,,,,,,,,,,,,,,,,,,,,,,,,,,,,,,,,,,6.0,,,,,,,,,,,,,,,,,,,,,,,,,,,,,,,,,,,,,0.0,,,,,,,,,,,,,,,,,,,,,,,,,,,,,,,,,,,,,,,,,,,,,,34.0,20.0,,,,,,,,,,,,,,,,,,,,,,,,,,,,,,,,,,,,,,,,,,,,,,,,,,,,,,,,,,,,,,,,,,,,,,,,,,,,,,,,,,,,,,,,,,,,,,,651000000.0,,,,,,,,,,,,,,,,,,,,,,,,,,,,,,,,,,,,,,,,,,,,,,,,,,,,,,,,,,,,,,,,,,,,,,,,,,,,,,,,,,,,,,,,,,,,,,,,,,,,,,,,,,,,,0.0,,,,34.0,,,,,,,,33441.0,,,,,,,,,,,,,,,,,,,,,,,,95.97205168,,,,,,,,,,,,,,,,,,,,,,,,,,,,,,,,,,,,,,,,,,,,,,,,,,,,,,,,,,,,,,,,,,,,,,,,,,,,,,,,,,,,,,,,,,,,,,,,,,,,,,,,,,,,,,,,,,
2007,,,,,,,,,,,,,,,,,,,,,,,,,,,,,,,,,,,,,,,,,,,,,,,,,,,,14.0,,,,,,,,,,,,,,,400000.006,,,,,,,,,,,,,,,,,,,,,,,,,,,,,,,,,,,,,,,,,,,,0.0,,,,,,,,,,,,,,,,,,,,,,,,,,,,,,,,,,,,,,,,,,,,,,,,,,,,,,,,,,,,,,,,,,,,,,,,,,,,,5.0,,,,,,,1.581657858,,,,,,,,,,,,,,,,,,,,100.0,33811.0,,,,,,,,,,,,,,,,,,,,,,,95.87764134,,,,,,,,,,,,,,,,,,,,,,,,,,,,,,,,,,,,,,,,,,,,,,,,,,,,,,,,,,,,,,,,,,,,,,83000000.0,,,,,,,,,,,,,,,,,,,,,,,,,,,,,,,,,,,6.0,,,,,,,,,,,,,,,,,,,,,,,,1.100350126,,,,,,,,,,,,,,,,,,,,,,,,,,,,,,,,,,,,,,,,,,,,,,,,,,,,,,,,,,,,,,,,,,,,,,,,,,99.60758972,,,,,,,,,,,,,,,,,,,,,,,,,,,,,,,,99.99740601,,,,,,,,,,,,,,,,,,,,,0.0,1.100350126,,,,1.5,,,,,,,,,,,,,,,,,,,,,,,,,,,,,,,,,,,,,,,,,,,,,,0.0,,,,,74.54390244,,,,,,,,,,,,,,,0.300167511,98.59797905,,,,,,,,,,,,,,,,,,,,,,,,,,,,,,,,,,,,,,,,,,,,,,,,,,,,,,,,,,,,,,,,,6.5625,,,,,,,,,,,,,,,,,,,,,,,,,,,,,,,,,,,,,,,,,93.52156891,,,994.4411765,,,,,,,,,,,,,,,,,,,,,,,,,,,,72.3,,,,,,,,,,,,,,,0.300167511,98.59797905,,,,,,,,,,,,,,,,,,,,,,,,,,,,,,,,,,,,,,,,,,,11.7,,,,,,,,,,,,,,,,,,,,,,,,,,,,,,,,,,,,,,,,,,,,,,,,,,,,,,,,4.432457542,,,,,,,,,,,,,,,,,,,,,,,,,,,,,,,,,,,,,,,,,,,0.0,,,,,,,,,,,,,,,,,,,,,,,,,,,,,,,,,,,,,,,,,,,,,,,,,,,,,665000000.0,,,,,,3.2,,,,,,,,,,,,,,,,,,,,,,,,,,12.0,,,,,,,,,,,,,,,,,,,,,,,,,1891000.0,,,,,,,,,,,,,,,,,,,,,,,,,,,,,,,,,,,6.0,,,,,,,,,,,,,,,,,,,,,,,,,,,,,,,,,,,,,0.0,,,,,,,,,,,,,,,,,,,,,,,,,,,,,,,,,,,,,,,,,,,,,,34.0,20.0,,,,,,,,,,,,,,,,,,,,,,,,,,,,,,,,,,,,,83400001.53,,,,,,76.9,,,,,,,,,,,,,,,,,,,,,,,,,,,,,,,,,,,,,,,,,,,,,,,,,,,,662000000.0,,,,,,,,,,,,,,,,,,,,,,,,,,,,,,,,,,,,,,,,,,,,,,,,,,,,,,,,,,,,,,,,,,,,,,,,,,,,,,,,,,,,,,,,,,,,,,,,,,,,,,,,,,,,,0.0,,,,34.0,,,,,,,,33811.0,,,,,,,,,,,,,,,,,,,,,,,,95.87764134,,,,,,,,,,,,,,,,,,,,,,,,,,,,,,3000000.0,,,,,,,,,,,,,,,,,,,,,,,,,,,,,,,,,,,,,,,,,,,,,,,,,,,,,,,,,,,,,,,,,,,,,,,,,,,,,,,,,,,,
2008,,,,,,,,,,,,,,,,,,,,,,,,,,,,,,,,,,,,,,,,,,,,,,,,,,,,14.0,,,,,,,,,,,,,,,100000.0015,,,,,,,,,,,,,,,,,,,,,,,,,,,,,,,,,,,,,,,,,,,,0.0,,,,,,,,,,,,,,,,,,,,,,,,,,,,,,,,,,,,,,,,,,,,,,,,,,,,,,,,,,,,,,,,,,,,,,,,,,,,,5.0,,,,,,,1.516815579,,,,,,,,,,,,,,,,,,,,100.0,33964.0,,,,,,,,,,,,,,,,,,,,,,,95.78323101,,,,,,,,,,,,,,,,,,,,,,,,,,,,,,,,,,,,,,,,,,,,,,,,,,,,,,,,,,,,,,,,,,,,,,88000000.0,,,,,,,,,,,,,,,,,,,,,,,,,,,,,,,,,,,6.0,,,,,,,,,,,,,,,,,,,,,,,,0.451494681,,,,,,,,,,,,,,,,,,,,,,,,,,,,,,,,,,,,,,,,,,,,,,,,,,,,,,,,,,,,,,,,,,,,,,,,,,99.6634903,,,,,,,,,,,,,,,,,,,,,,,,,,,,,,,,99.9841156,,,,,,,,,,,,,,,,,,,,,0.0,0.451494681,,,,1.7,,,,,,,,,,,,,,,,,,,,,,,,,,,,,,,,,,,,,,,,,,,,,,0.0,,,,,74.53658537,,,,,,,,,,,,,,,0.272036235,98.62848697,,,,,,,,,,,,,,,,,,,,,,,,,,,,,,,,,,,,,,,,,,,,,,,,,,,,,,,,,,,,,,,,,6.50625,,,,,,,,,,,,,,,,,,,,,,,,,,,,,,,,,,,,,,,,,93.13071513,,,998.9411765,,,,,,,,,,,,,,,,,,,,,,,,,,,,72.0,,,,,,,,,,,,,,,0.272036235,98.62848697,,,,,,,,,,,,,,,,,,,,,,,,,,,,,,,,,,,,,,,,,,,13.0,,,,,,,,,,,,,,,,,,,,,,,,,,,,,,,,,,,,,,,,,,,,,,,,,,,,,,,,-0.41792902,,,,,,,,,,,,,,,,,,,,,,,,,,,,,,,,,,,,,,,,,,,0.0,,,,,,,,,,,,,,,,,,,,,,,,,,,,,,,,,,,,,,,,,,,,,,,,,,,,,667000000.0,,,,,,3.8,,,,,,,,,,,,,,,,,,,,,,,,,,12.0,,,,,,,,,,,,,,,,,,,,,,,,,1821000.0,,,,,,,,,,,,,,,,,,,,,,,,,,,,,,,,,,,6.0,,,,,,,,,,,,,,,,,,,,,,,,,,,,,,,,,,,,,0.0,,,,,,,,,,,,,,,,,,,,,,,,,,,,,,,,,,,,,,,,,,,,,,34.0,20.0,,,,,,,,,,,,,,,,,,,,,,,,,,,,,,,,,,,,,88099998.47,,,,,,77.2,,,,,,,,,,,,,,,,,,,,,,,,,,,,,,,,,,,,,,,,,,,,,,,,,,,,663000000.0,,,,,,,,,,,,,,,,,,,,,,,,,,,,,,,,,,,,,,,,,,,,,,,,,,,,,,,,,,,,,,,,,,,,,,,,,,,,,,,,,,,,,,,,,,,,,,,,,,,,,,,,,,,,,0.0,,,,34.0,,,,,,,,33964.0,,,,,,,,,,,,,,,,,,,,,,,,95.78323101,,,,,,,,,,,,,,,,,,,,,,,,,,,,,,4000000.0,,,,,,,,,,,,,,,,,,,,,,,,,,,,,,,,,,,,,,,,,,,,,,,,,,,,,,,,,,,,,,,,,,,,,,,,,,,,,,,,,,,,
2009,,,,,,,,,,,,,,,,,,,,,,,,,,,,,,,,,,,,,,,,,,,,,,,,,,,,14.0,,,,,,,,,,,,,,,23000000.0,,,,,,,,,,,,,,,,,,,,,,,,,,,,,,,,,,,,,,,,,32614.52026,,,0.0,,,,,,,,,,,,,,,,,,,,,,,,,,,,,,,,,,,,,,,,,,,,,,,,,,,,,,,,,,,,,,,,,,,,,,,,,,,,,5.0,,,,,,,1.612916608,,1475100000.0,,,,,,,,,,,,,,,,,,100.0,34238.0,,,,,,,,,,,,,,,,,,,,,,,95.68882067,,,,,,,,,,,,,,,,1436948445.0,98.59297568,,,,,,,,,,,,,,,,,,,,,,,,,,,,,,,,,,,,,,,,,,,,,,,,,,,,,81000000.0,,,,,,,,,,,,,,,,,,,,,,,,,,,,,,,,,,,6.0,,,,,43083.70816,,,,,,,,,,,,,,,,,,,0.803499822,,,,,,,,,,,,,,,,,,,,,,,,,,,,,,,,,,,,,,,,,1552240400.0,,,,,,,,,,,,,,,,,,,,,,,,,,,,,,,,,99.72878265,,,,,,,,,,,,,,,,,,,,,,,,,,,,,,,,99.95490265,,,,,,,,,,,,,,,,,,,,,0.0,0.803499822,,,,1.7,,,,,,,,,,,,,,,,,,,,,,,,,,,,,,,,,,31440.0,,,,,,,,,,,,0.0,,,,,75.58780488,,,,,,,,,,,,,,,0.243904959,98.65899488,,,,,,,,,,,,,,,,,,,,1530400000.0,,,,,,,,,,,,,,,,,,,,,,,,,,,,,,,,,,,,,,,,,,,,,6.50625,,,,,,,,,,,,,,,,,,,,,,,,,,,,,,,,,,,,,,,,,98.67910497,,,1007.0,,,,,,,,,,,,,,,,,,,,,,,,,,,,73.1,,,,,,,,,,,,,,,0.243904959,98.65899488,,,,,,,,,,,,,,,,,,,,1108116840.0,,,,,,,,,,,,,,,,,,,,,,,12.5,,,,,,,,,,,,,,,,,,,,,,,,,,,,,,,,,,44698.8726,,,,,,,,,,,,,,,,,,,,,,5.957636888,,,,,,,,,,,,,,,,,,,,,,,,,,,,,,,,,,,,,,,,,,,0.0,,,,,,,,,,,,,,,,,,,,,,,,,,,,,,,,,,,,,,,,,,,,,,,,,,,,,619000000.0,,,,,,3.1,,,,,,,,,,,,,,,,,,,,,,,,,,12.0,,,,,,,-55300000.0,,32365.11595,,,,,,,,,,,,,,,,1655000.0,,,,,,,,,,,,,,,,,,,,,,,,,,,,,,,,,,,6.0,,,,,1475100000.0,,,,,,,,,,,,,,,,,,,,,,,,,,,,,,,,0.0,,,,,,,,,,,,,,,,,,,,,,,,,,,,,,,,,,,,,,,,,,,,,,34.0,20.0,,,,,,,,,,,,,,,,,,,,,,,,,,,,,,,,,,,,,104000000.0,,,,,,78.2,,,,,,,,,,,,,,,,,,,,,,,,,,,,,,,,,-59300000.0,,,1530400000.0,,,,,,,,,,,,,,,,616000000.0,,,,,,,,,,,,,,,,,,,,,,,,,,,,,,,,,,,,,,,,,41969.40374,,,,,,,,,,,,,,,,,,,,,,,,,,,,,,,,,,,,,,,,,,,,,,,,,,,,,,,,,,,,,,,,,,,,0.0,,,,34.0,,,,,,,,34238.0,,,,,,,,,,,,,,,,,,,,,,,,95.68882067,,,,,,,,,,,,,1.370520622,,,1116655945.0,98.59297568,,,,,,,,,,,,,3000000.0,,,,,,,,,,,,,,,,,,,,,,,,,,,,,,,,,,,,,,,1076306315.0,45336.77201,,,,,,,,,,,,,,,,,,,,,,,,,,,,,,,,,,,,,,,,,,,,
2010,,,,,,,,,,,100.0,,,,,,,,,,,,,,,,,,,,,,,,,,,,,,,,,,,,,,,,,14.0,,,,3.751509141,,,,,,,,,,,22000000.0,,,,,,,,,,,,,,,,,,,,,,,,,,,,,,,,,,,,,,,,,34232.35511,,,0.0,,,,,,,,,,,,,,,,,,,,,,,,,,,,,,,,,,,,,,10.88235294,,,,,,,,,,,,,,,,,,,,,,,,,,,,,,,,,,,,,,,5.0,,,,,,,1.608132652,,1537600000.0,,,,,,,,,,,,,,,,,,100.0,34056.0,,,,,,,,,,,,,,,,,,,,,,,95.59441034,,,,,,,,,,,,,,,,1482930710.0,99.70585151,,,,,,,,,,,,,,,,,,,,,,,,,,,,,,,,,,,,,,,,,,,,,,,,,,,,,83000000.0,,,,,,,26200.0,,,,,,,,,,,,87.0,,,,,,,,,,,,,,,,6.0,,,,,45149.16608,,,,,,,,,,,,0.0,,,,,,,-0.532990983,,,,,,,,,,,,,,,,,,,,,,,,,,,,,,,,,,,,,,,,,1601912000.0,1.128757728,,,,,,,,,,,,,,,,,,,,,,,,,,,,,,,,100.0,,,,,,,,,,,,,,,,,,,,,,,,,,,,,,,,100.0,,,,,,,,,,,,,,,,,,,,,0.0,-0.532990983,,,,,,,,,,,,,,,,,,,,,,,,,,,,,,,,,,,,,,32950.0,,3.199994022,1.128757728,,,,,,,,,0.0,,,,,,,,,,,,,,,,,,,,0.215773683,98.6895028,,,,,,,,,,,,,,,,,,,,1597200000.0,,,,,,,,,,,,,,,,,,,,,,,,,,,,,,,,,,,,,,,,,,,,,7.54375,,,,,,,,,,,,,,100.0,,,,,,,,,,,,,,,,,,,,,,,,,,,100.0,,,1001.647059,,,,,,,,,,,,,,,,,,,,,,,,,,,,,,,,,,,,,,,,,,,0.215773683,98.6895028,,,,,,,,,,,,,,,,,,,,1143576512.0,,,,,,,,,,,,,,,,,,,,,,,13.1,,,,,,,,,,,,,,,,,,,,,,,,,,,,,,,,,,46899.22481,,,,,,,,,,,,,,,,,,,,,,1.338576217,,,,,,,,,,,,,,,,,,,3.7,,,,,,,,,,,,,,,,,,,,,,,,0.0,,,,,,,,,,,,,,,,,,,,,,,,,,,,,,,,,,,,,,,,,,,,,,,,,,,,,681000000.0,,,,,,4.1,,,,,,,,,,,,,,,,,,,,,,,,,,12.0,,,,,,,-59600000.0,,33579.29623,,,,,,,,,,,,,,,,1956000.0,,,,,,,,,,,,,,,,,,,,,,,,,,,,,,,,,,,6.0,,,,,1537600000.0,,,,,,,,,,,,,,,,,,,,,,,,,,,,,,,,0.0,,,,,,,,,,,,,,,,,,,,,,,,,,,,,,,,,,,,,,,,,,,,,,34.0,20.0,,,,,,,,,,,,,,,,,,,,,,,,,,,,,,,,,,,,,105000000.0,,,,,,,79.09433962,,,,,,,,,,,,10.0,,,,,,,,,,,,,,,,,,,,-43400000.0,,,1597200000.0,,,,,,,,,,0.0,,,,,,674000000.0,,,,,,,,,,,,,,,,,,,100.0,,,,,,,,,,,,,,,,,,,,,,43543.88976,,,,,,,,,,,,,,,,,,,,,,,,,,,,,,,,,,,,,,,,,,,,,,,,,,,,,,,,,,,,,,,,,,,,0.0,,,,34.0,,,,,,,,34056.0,,,,,,,,,,,,,,,,,,,,,,,,95.59441034,,,,,,,,,,,,,1.370026242,,,1165817086.0,99.70585151,,,,,,,,39837.0,,,,,7000000.0,,,,,,,,,,,,,,,,,,,,,,,,,,,,,,,,,,,,,,,1122314269.0,47037.58515,,,,,,,,,,,,,,,,,,,,,,,,,,,,,,,,,,,,,,,,,,,,
2011,,,,,,,,,,,1.770801947,,,,,71.00894067,,,,,,,,,,,,,,,,,,,,,,,,,,,,,,,,,,,,14.0,,,1642666098.0,6.542775596,,,,,,,,,,,24000000.0,,,,,,,5.0,,,,,,,,,,,,,,,,,,,,,,,,,,,,,,,,154100000.0,1518409936.0,37233.96838,0.0,,0.0,,25600000.0,59162011.17,,1136012480.0,,9.06792764,,,,,,,,,,,,,,,,,,,,,,,,,,,,126770949.7,55581005.59,971050279.3,10.88235294,,,,,,,,,,,,,,,,,,,,,,,,,,,,,,,,,,,,,,,5.0,,,,,,,1.630392671,8.320873898,1642664000.0,,,0.0,,,12.93268083,,970055865.9,,,,,,,100.0,,,100.0,33435.0,,,,,,,,,,,,,,,,,,,,,,,95.5,,,,,,,,,,,,,0.75192871,136684000.0,917689385.5,1551145567.0,100.0,,,,,8.253759847,,937842575.6,,,,198169904.4,,,,,,,,,,,,,,,,,,,,,,,,,,,,,,,,5.777631893,16.1229241,-4513407.821,,,16.06508288,,20715770.0,,,88000000.0,,,,,,,,,,,,,,,,,,,87.0,,,,,,,,,,,,,,,,6.0,,,,-41700000.0,49130.07328,,936089385.5,,,727821229.1,,105900000.0,,93.67987587,,,0.0,79.97502547,,19.39024964,,,,-1.840297302,,,,,,,,,,,,,,,,,,,,,,,,,,,,,,,,,,,,,,1.79,45413.78602,1675600000.0,1675600000.0,0.295016278,8.320873898,77.75125328,,2000000.0,,1842300000.0,799664804.5,,,,,,,,,,,,,,,,,,,,,,,,,100.0,,,,,,,,,,1168156.425,,,,,,,,,,,,,,,,,,,,,,100.0,,,,,,,,68726256.98,,0.12479112,,,3.822593872,98.22919805,237664804.5,,,,216700000.0,1117318.436,0.0,-1.840297302,,,,2.03,,,,,,,,,,,,,,,,,,,,,,,,,,,,,,,,,1.79,36500.0,14.57388398,4.600002996,0.295016278,,,,,,2.776080109,,11.53390328,0.0,,,,,,,,,,,,,,,,,,,,0.187642407,98.72001072,,,,,,,,,,,,,,,,,,,136424581.0,1675600000.0,1842300000.0,,,1.527810933,213.5772261,77262569.83,1842300000.0,,,,,,,,2210.0,,,,,,,,,,,,,,,,,,,,,,,,,-48480446.93,-41664804.47,19.3583967,,,7.9875,,922.0,,,,,,,,,,,,100.0,,,,,,,,-5.179040344,15351955.31,37.18905473,,,,,,,,,,,,,,,,,104.5847544,,,983.3823529,,,,,,,,,,,,,1026631285.0,44473743.02,40.68102882,,,126905027.9,40.58342344,,,91.9288613,,,,,,,,,,,,,,,,,,,,,0.187642407,98.72001072,,,,,,,,,,,,,,,,,0.0,49130.13603,244200000.0,1196181066.0,,,,121061452.5,,138300000.0,1049311126.0,,,,,,,,,,,,,,,,12.9,,,,,,,,,,,,,,,,,,,,,,,,,,,,,,,,-18400000.0,1172523032.0,50115.1488,850000000.0,,,,34100000.0,1000145611.0,,85.42611602,,,,,,,,,,,,,,4.584754357,,,,,,,,,,,,,,,,0.137203166,-18429608.94,50346368.72,3.7,,1355300000.0,,,76998.0,,,,,,,,,,,,,,,,,,,0.0,,,,,,,,,899860335.2,-606223463.7,2.77151976,,,,,,,,,,,,,,,,,,,,,,,,,,,,,,,1229050.279,33635195.53,732994413.4,,,,,,,,,729000000.0,,,,,,5.1,,,,,,,,,,,,,,,,,,,,,,,,,,12.0,,,,,,,-32936000.0,,35776.31423,1521500000.0,,,,,,,100.006371,,,,,,,,2080000.0,,,,,,,,,,,,,,,,,,,,,,,,,,,,,,,,,,,6.0,,,,8.157316782,1642664000.0,27997.28983,100000.0,,,,0.119360229,1736400000.0,1736400000.0,,876927374.3,,,,,,,,,,,,,,,,,,,,,,0.0,,,,,,,,,3.819959646,29553072.63,865921.7877,,,,,,,,,,,,,,,,,,,,,,,,,,,,,,,,1058548045.0,49631284.92,238055865.9,34.0,20.0,,,,,,,,,,,,,,,,,,,,,,,,,,,79.91991308,-2375418.994,1021396648.0,,,899240223.5,,,,,112000000.0,,,,,,,,,,,,,,,,,,,6.6,,,,,,,,,,,,,,,,,,,,-74643000.0,35068.73134,0.0,1675600000.0,,,1302800000.0,,6.320124135,,1029217877.0,,,0.0,,0.137297781,0.0,,,719000000.0,,,,,,,,,,,,,,,,,,,100.0,,,,,,,,,,,,,,,,,,,,,,46392.86875,0.0,,0.0,,,105900000.0,,1569600000.0,,,,,,,,,,,,,,,,,,,,,,,,,,,,,31916759.78,-0.482155646,121.560635,,,,,,,,,,,,,,,,253.0,,,,,,,,,,,,,54083798.88,,0.731957163,105368715.1,34.0,,,,37.25024681,733631284.9,,,33435.0,,,,,,,,,,,,,,,,,,,,,,,,95.5,,,,,,,,,,,,,1.345952392,76359776.54,,1244917733.0,100.0,,,,,214300000.0,109.9486751,1431400000.0,2562116.0,,,,,10000000.0,,,,,,,,,,,,,,,,,,,,,,,,,,,,,,,,,,,,,,86089385.47,1220447328.0,50115.1488,,,,,14301675.98,103.628551,,1569700000.0,,,,,,,922.0,,,,,,,,,,,,253.0,,,,,,,,,,,,,43184357.54,6586592.179,100960893.9,,
2012,,,,,,,,,,,0.0,,,,,72.98308937,,,,,,,,,,,,,,,,,,,,,,,,,,,,,,,60.53333,,10.37657,,92.0,14.0,,,1681246096.0,-2.13646282,,,,,,,,0.775808882,,,28000000.0,,,,,,,5.0,,,,,,,,,,,,,,,,,,,,,,,,11.82937,,,,,1.01797998,,,179600000.0,1554071627.0,32878.44088,0.0,,0.0,,20400000.0,90055865.92,,1117406325.0,,9.069184558,,,,,,,,,,,,,,,,,,,,,,,,,,,,130525139.7,139027933.0,1031106145.0,10.88235294,,,,,0.775808882,,,,,,,,,,,,,,,,,,,,,,,,,,,,,,,6.69216013,9.151410103,92.72055817,5.0,,,106.80851,,,,1.563709021,18.24081964,1746336000.0,,59.92063141,100000.0,,21638405.02,11.64503882,,1026871508.0,,-2.368479303,,,,,99.22419112,,,100.0,34640.0,,,,,,,,,,,,,,,,,,,,,,,95.40558966,,,,3.30189,74.71671,,,,122.62443,,,,0.865622939,318546000.0,975606703.9,1572714970.0,103.8730944,,,,,13.61704539,,915629968.3,,,,201776356.3,6.562449113,,,,,,,,,,,,,,,,,,,,,,,,,,,,,,,5.646285488,15.67306142,92629050.28,,,15.63724726,,29111809.0,,,92000000.0,,,,,,,,,,,,,,,,,,,87.0,,,,,,,,,,,,1856.0,,318.0,11.35982,6.0,1.635640025,,,-36139664.8,50413.85681,,985865921.8,,,769553072.6,,,,90.8596362,,,0.0,80.99305955,,19.64824443,,,,3.540582819,,,,,,,,,,,,,,,,,,,,,,,,,,,,,252.0,76.49279,,,,121.3170395,246.9957123,,,1.79,44863.49964,1699758544.0,1698900000.0,3.873094355,18.24081964,78.05859353,,2100000.0,1.819878675,1963200000.0,761508379.9,,,,,,,,,,,,,,,,,,,,,,,0.0,,100.0,,,,,,,,,,-2745251.397,,,,,,,,,,,,,,,,,,,,,,100.0,,,,,,,,76240223.46,,-0.278460928,,,3.115944756,100.0,261100558.7,,,,205500000.0,1173184.358,0.0,3.540582819,,,,,,,,,,,,,,,,,,,,,,,,,,,,,100.8498611,,,,120.3423996,244.6224365,,,1.79,32540.0,22.75740919,1.39054667,3.873094355,,,,,,2.143911676,,11.63798708,0.0,,,,,73.05365854,,,,,,,,,,,,,,,0.159511131,98.75051864,,,,,,,,,102.2992477,,,13.41702,49.84658,,,,,-1.211716606,224357541.9,1764700000.0,1964058544.0,,,1.156003853,217.4533915,134245810.1,1999300000.0,,,,,,,,1950.0,,,,,,,,,,,,,,,,,7.94,,,,,,,,13508379.89,-36139664.8,19.4827513,,,10.04375,,815.0,,,,,,,,,,,,100.0,,,,,,,,1.370204567,11910614.53,34.89413162,,,,,,,,,,,,,,,,,108.7840249,,,1018.823529,,,,,,,,,,,,,1170134078.0,151276312.8,43.49726312,,,130726000.0,43.01730963,,,91.15316598,,,,,,69.2,,,,,,,,,,,,,,,0.159511131,98.75051864,,,,,,,,,103.6617813,,,,11.27358,245.8471832,,,858544.1488,48534.81802,401600000.0,1212814522.0,,,,114804469.3,,240300000.0,1118171635.0,,,,,,,,,,,,,,,,12.0,,,,,,,,,,,,,,,,,,,,,,3.532180071,11.71942043,52.2308,,8.78567,,88.5304718,,,,-10259217.88,1200061152.0,50943.99538,885530726.3,,,,35100000.0,1040061581.0,,77.24259081,,,,,,,,,,,,,,4.015184211,,,,,,0.0,,,,,,,,,,0.253640711,-10259217.88,51648044.69,3.7,,1323200000.0,,,80458.0,,,,,,,,,,,,,,,,,,,0.0,,,,,,,,,1039608939.0,-637262569.8,2.125853948,,,68840.0,,,,,,,,,,,,,,,,,,,,,,,,,,,,480446.9274,46736648.04,767787709.5,,,,,,,,,854000000.0,,,,,,5.4,,,,,,,,,,,,,,,,,,,,,,58.49057007,,,1125.0,12.0,11.95773,,95.57196045,,,,-18364000.0,2.348620809,35011.96658,1585100000.0,,,,,3.991015895,,104.0223174,,,,,,,,2210000.0,,,,,,,,,,,,,,,,,,,,,,,,,,,,9.694259644,14.43661976,,2981.0,,,114.47368,6.0,,,,18.05100017,1746336000.0,28460.33262,,,2.217943453,,0.119000397,1838100000.0,1805700000.0,,895754189.9,,,,,,,,,,,,,,,,,,,,,,0.051199999,,,,,,,,,3.114621957,37553072.63,569832.4022,,,,195.941138,,,,,,,,,,,,,,,,,,696.73,,,,,,,,,,1211522905.0,-16253631.28,263318435.8,34.0,20.0,,,,,,,,,,,,,,,,,,,,,,,,,,,80.95867591,-86447709.5,1082754190.0,,,1039167598.0,,,,,120000000.0,,,,,,77.1,,,,,,,,,,,,,3.2,,,,,,,,,,,,47.19828,,90.25157166,15.46162,3585.0,,,,-64690000.0,34643.7977,0.0,1764700000.0,,,1377500000.0,,9.134697116,,1116927374.0,,,0.0,,0.253748434,0.0,,,842000000.0,,,,,,,,,,,,,,,,,,,100.0,,,,,,,,,,,,,,,,,1.027879953,,,,,45401.70236,0.0,,0.0,,,161200000.0,,1541400000.0,,,,,,,,,,,,,,,,,,,,,,,,,,,,,41388826.82,9.395704652,132.1607072,,,,,,,,,,,,,,,,253.0,,,,,,,,,,,,,55664804.47,,0.681928099,107849162.0,34.0,,,,35.19053427,767922000.0,,,34640.0,,,,,,,,,,,,,,,,,,,,,,,,95.40558966,,,,,151.0,78.16245,,,,119.3891068,,,1.54946506,177958659.2,,1138909192.0,103.8730944,,,,,218200000.0,113.2940443,1363100000.0,118896.0,,,,,12000000.0,,,,,,,,,,,,,,,,,,,,,,,,,,,,,,,,,,,1.016149998,,,100335195.5,1127057360.0,49044.45727,,,,,11396648.04,104.1593472,,1603400000.0,,,,,,,815.0,,,,,,,,,,,,253.0,,,,,,,,,,,,,43407821.23,7089385.475,98754189.94,,
2013,,,,,,,,,,,2.81e-16,,,,,70.98485228,,,,,,,,,,,,,,,,,,,,,,,,,,,,,,,,,,,,14.0,,,1727276878.0,-4.136775648,,,,,,,,,,,25000000.0,,,,,,,5.0,,,,,,,,,,,,,,,,,,,,,,,,,,,,,,,,179900000.0,1596620504.0,32478.29896,0.0,,0.0,,17200000.0,53687150.84,,1197441468.0,,9.125042182,,,,,,,,,,,,,,,,,,,,,,,,,,,,164262569.8,40061452.51,1186960894.0,10.88235294,,,2.38252208,,0.142809487,,,,,,,,,,,,,,,,,,,,,,,,,,,,,,,,,,5.0,,,,,,,1.586803913,15.83250747,1837479000.0,,,0.0,,23105890.53,11.26160568,,1187597765.0,,7.821946796,,,0.036625241,,99.85719051,,,100.0,36607.0,,,,,,,,,,,,,,,,,,,,,,,95.31117933,,,,,,,,,,,,,0.86035542,290919000.0,1026524581.0,1593266075.0,106.3854512,,,,,14.13435281,,987250057.2,,,,210191410.5,4.462102689,,,,,,,,,,,,,,,,,,,,,,,,,,,,,,,7.09229929,16.01185908,4317877.095,,,15.97033765,,180728189.0,,,89000000.0,,,,,,,,,,,,,,,,,,,87.0,,,,,,,,,,,,,,,,6.0,,,,-39363128.49,50194.74417,,1022905028.0,,,806424581.0,,,,94.75150191,,,12.0,80.71841801,2.419147321,19.94387397,,,,5.523039526,,,,,,,,,,,,,,,,,,,,,,,,,,,,,,,,,,,,,,1.79,43615.16934,1743571634.0,1721100000.0,2.418679087,15.83250747,78.83670126,,1400000.0,4.170485793,2050800000.0,824636871.5,,,,,,,,,,,,,,,,,,,,,,,0.0,,100.0,,,,,,,,,,3446927.374,,,,,,,,,,,,,,,,,,,,,,100.0,,,,,,,,84575418.99,,0.336974331,,,2.852634901,97.58085268,262776536.3,,,,206200000.0,782122.905,0.0,5.523039526,,,,,,,,,,,,,,,,,,,,,,,,,,,,,,,,,,,,,1.79,32590.0,19.3828509,1.306727883,2.418679087,,,,,,2.789293535,,9.604360227,0.0,,,,,,,,,,,,,,,,,,,,0.131379855,98.78102656,,,,,,,,,,,,,,,,,,-2.782507627,198268156.4,1831000000.0,2073271634.0,,,0.939377389,237.4494812,144581005.6,2221900000.0,,,,,,,,2084.0,,,,,,,,,,,,,,,,,8.01,,,,,,,,47357541.9,-39363128.49,19.94175418,,,10.04375,,821.0,,,,,,,,,,,,100.0,,,,,,,,4.629710541,7067039.106,33.97814719,,,,,,,,,,,,,,,,,111.5347898,,,1076.676471,,,,,,,,,,,,,1227022346.0,66134078.21,43.29110157,,,164369000.0,43.28507345,,,106.4762583,,,,,,,,,,,,,,,,,,,,,0.131379855,98.78102656,,,,,,,,,,,,,,,,,22471634.21,47184.333,354900000.0,1228662708.0,,,,115195530.7,,258800000.0,1168065601.0,,,,,,,0.080587318,,,,,,,,,14.0,,,,,,,,,,,,,,,,,,,,,,,,,,,,,,,,3619553.073,1232917588.0,50017.75617,922402234.6,,,,35200000.0,1142529851.0,,80.6171491,,,,,,,,,,,,,,2.528647885,,,,,,0.0,,,,,,,,,,0.458382834,3619553.073,55530726.26,3.7,,1426700000.0,,,80655.0,,,,,,,,,,,,,,,,,,,0.0,,,,,,,,,1062759777.0,-759893854.7,2.788997066,,,,,,,,,,,,,,,,,,,,,,,,,,,,,,,1000000.0,54749162.01,924156424.6,,,,,,0.062222169,,,871000000.0,,,,,,4.7,,,,,,,,,,,,,,,,,,,,,,,,,,12.0,,,,,,,6479000.0,2.737896746,33563.60007,1651100000.0,,,,,9.852134906,,104.8911729,,,,,,,,2253000.0,,,,,,,,,,,,,,,,,,,,,,,,,,,,,,,,,,,6.0,,,,15.88853086,1837479000.0,27942.88054,,,2.250885265,,0.07646095,2125800000.0,1983600000.0,,969217877.1,,,,,,,,,,,,,,,,,,,,,,0.050099999,,,,,,,,,2.851225333,40821229.05,1357541.899,,,,,,,,,,,,,,,,,,,,,,715.065,,,,,,,,,,1286172626.0,-43910614.53,262804469.3,34.0,20.0,,,,,,,,,,,,,,,,,,,,,,,,,,,80.67853275,-21128491.62,1242491620.0,,,1062234637.0,,,,,114000000.0,,,,,,,,,,,,,,,,,,,6.1,,,,,,,,,,,,,,,,,6.0,,,-70460000.0,33679.83139,0.0,1831000000.0,,,1443500000.0,,5.248498088,,1241284916.0,,,327.8061573,,0.458609446,-1.61e-17,,,857000000.0,,,,,,,,,,,,,,,,,,,100.0,,,,,,,,,,,,,,,,,,,,,27540.0,43523.53579,0.0,,0.0,,,96100000.0,,1654000000.0,,,,,,,,,,,,,,,,,,,,,,,,,,,,,59150279.33,0.422119061,129.5882032,,,,,,,,,,,,,,,,253.0,,,,,,,,,,,,,72547486.03,,1.42456133,107983240.2,34.0,,,,33.98175904,924782000.0,,,36607.0,,,,,,,,,,,,,,,,,,,,,,,,95.31117933,,,,,,,,,,,,,1.540036201,162524581.0,1008000080.0,1188933090.0,106.3854512,,,,,227300000.0,121.3489896,1476100000.0,10364437.0,,,,,14000000.0,,,,,,,,,,,,,,,,,,,,,,,,,,,,,,,,,,,,,,100502793.3,1193140134.0,47015.59811,,,,,9608938.547,116.1004915,,1734900000.0,,,,,,,821.0,,,,,,,,,,,,253.0,,,,,,,,,,,,,50759776.54,15139664.8,106832402.2,,
2014,,,,,,,,,,,0.0,,,,,73.90765014,,,,,,,,,,,,,,,,,,,,,,,,,,,,,,,59.42806,45.89041138,6.58145,,123.09198,14.0,,,1727616512.0,-1.325377725,,,,,,,,0.000642049,,,29000000.0,,,,,,,5.0,,,,,,,,,,,,,,,,,,,,,,,,7.57821,41.56521988,,,,0.979110003,,,180400000.0,1596934446.0,38858.58146,0.0,,0.0,,17500000.0,-51787709.5,,1280220550.0,,8.862823816,,,,,,,,,,,,,,,,,,,,,,,,,,,,132189944.1,-55871508.38,1303374302.0,10.88235294,,,1.633675493,,0.34154504,,,,,,,,,,,,,,,,,,,,,,,,,,,,,,,5.751210213,,,5.0,,,119.24686,,,,1.570635438,15.06390168,2201820000.0,,57.82123184,-300000.0,,24679871.15,9.116195603,,1303631285.0,,6.539566833,,,0.665413066,,99.65845496,,,100.0,37685.0,,,,,,,,,,,,,,,,,,,,,,,95.31117933,,,,3.56,67.82787,,,,125.0,,,,0.850357556,331680000.0,1230067039.0,1618445807.0,127.4952811,,,,,23.46343652,,1051811935.0,,,,228408615.9,5.119953189,,,,,,,,,,,,,,,,,,,,,,,,,,,,,,,4.992373262,15.8835109,-110798882.7,,,15.67146566,,164473476.0,,,88000000.0,,,,,,,,,,,,,,,,,,,,,,,,,,,,,,,1594.0,,,13.16372,6.0,1.639289975,,,-39743016.76,58426.96033,,1245251397.0,,,842513966.5,,,,104.1722746,,,20.0,81.42553694,2.299088558,20.03298874,,,,2.902265834,,,,,,,,,,,,,,,,,,,,,,,,,,,,,358.0,69.75968,,,,128.8667145,80.18868256,,,1.79,42375.86431,1680712419.0,1748300000.0,19.842779,15.06390168,67.65814266,,2000000.0,8.666959965,2155800000.0,1005027933.0,,,,,,,,,,,,,,,,,,,,,,,0.0,,100.0,,,,,,,,0.0,,1217877.095,,,,,,,,,,,,,,,,,,,,,,100.0,,,,,,,,78648044.69,,0.097801705,,,2.627812734,97.70091144,291279329.6,,,,203200000.0,1117318.436,0.0,2.902265834,,,,,,,,,,,,,,,,,,,,,,,,,,,,,92.69126129,,,,128.1631165,76.06601715,,,1.79,38380.0,19.29116196,1.580384638,19.842779,,,,,,4.723911084,,8.976699928,0.0,,,,,77.06829268,,,,,,,,,,,,,,,0.131379855,98.78102656,,,,,,,,,90.55406952,,,15.257,49.17052,,,,,-2.841454126,240223463.7,2229000000.0,2088212419.0,,,0.785105428,205.2175864,292178770.9,2240800000.0,,,,,,,,1948.0,,,,,,,,,,,,,,,,,8.02,,,,,,,,47709497.21,-39743016.76,20.01494654,,,9.875,,853.0,,,,,,,,,,,,100.0,,,,,,,,3.831314491,3692737.43,30.03679148,,,,,,,,,,,,,,,,,113.6391777,,,1108.382353,,,,,,,,,,,,,1247502793.0,-77402234.64,45.22860537,,,132380000.0,45.17923244,,,91.97468102,,,,,,73.8,,,,,,,,,,,,,,,0.131379855,98.78102656,,,,,,,,,88.51174927,,,,,78.14839935,,,-67587580.89,45843.61183,430000000.0,1248080304.0,,,,113519553.1,,523000000.0,1227870013.0,,,,,,,0.091107699,,,,,,,,,14.1,,,,,,,,,,,,,,,,,,,,,,3.004009962,,49.98157,,4.92257,,126.0869598,,,,-15184357.54,1233160015.0,59148.2022,957150838.0,,,,35000000.0,1252543564.0,,80.70883804,,,,,,,,,,,,,,1.886754663,,,,,,0.0,,,,,,,,,,0.274492714,-15184357.54,68139664.8,3.7,,1520000000.0,,,82643.0,,,,,,,,,,,,,,,,,,,0.0,,,,,,,,,1115312849.0,-879642458.1,4.719656613,,,,,,,,,,,,,,,,,,,,,,,,,,,,,,,134078.2123,29703910.61,1011832402.0,,,,,,0.249795292,,,922000000.0,,,,,,4.7,,,,,,,,,,,,,,,,,,,,,,54.0,,,1119.0,12.0,8.1862,,120.1550369,,,,-27180000.0,0.01966294,33118.75559,1713300000.0,,,,,9.628957451,,131.4091681,,,,,,,,2502000.0,,,,,,,,,,,,,,,,,,,,,,,,,,,,8.328120232,,,2713.0,,,122.05567,6.0,,,,14.88021534,2201820000.0,33043.68838,,,2.006384235,,0.089726335,2333500000.0,2174600000.0,,1297206704.0,,,,,,,,,,,,,,,,,,,,,,0.049199998,,,,,,,,,2.621205063,-100586592.2,1156424.581,,,,,,,,,,,,,,,,,,,,,,733.4,,,,,,,,,,1300458101.0,-46491620.11,291541899.4,34.0,20.0,,,,,,,,,,,,,,,,,,,,,,,,,,,81.22079132,63586592.18,1371513966.0,,,1112508380.0,,,,,117000000.0,,,,,,80.5,,,,,,,,,,,,,0.0,,,,,,,,,,,,43.35006,,,17.28197,3677.0,6.0,,,-71140000.0,32722.83443,0.0,2229000000.0,,,1508100000.0,,-4.158815612,,1251843575.0,,,530.7151386,,0.27518467,0.0,,,906000000.0,,,,,,,,,,,,,,,,,,,100.0,,,,,,,,,,,,,,,,,0.95490998,,,,28670.0,42946.68454,0.0,,0.0,,,-92700000.0,,1767000000.0,,,,,,,,,,,,,,,,,,,,,,,,,,,,,52955307.26,-8.897711978,112.9775684,,,,,,,,,,,,,,,,253.0,,,,,,,,,,,,,62167597.77,,1.519727912,114089385.5,34.0,,,,30.06386774,1012936000.0,,,37685.0,,,,,,,,,,,,,,,,,,,,,,,,95.31117933,,,,,207.0,71.60574,,,,127.489769,,,1.522140026,185296089.4,1080265306.0,1464385642.0,127.4952811,,,,,247000000.0,100.5293854,1799000000.0,29549014.0,,,,,16000000.0,,,,,,,,,,,,,,,,,,,,,,,,,,,,,,,37.1024704,,,,1.010800004,,,100782122.9,1446529204.0,46392.46385,,,,,9776536.313,104.688201,,2322000000.0,,,,,,,853.0,,,,,,,,,,,,253.0,,,,,,,,,,,,,49011173.18,16949720.67,102005586.6,,
2015,,,,,,,,,,,0.0,,,,,75.10155877,,,,,,,,,,,,,,,,,,,,,,,,,,,,,,,,,,,,14.0,,,1742309895.0,-2.547997424,962346368.7,,,,,,,,,,26000000.0,,,,,,,5.0,,,,,,,,,,,,,,,,,,,,,,,,,,,,,,,,186300000.0,1610516378.0,38211.83319,0.0,,0.0,,17300000.0,85698324.02,,1167597765.0,,9.894909579,,,,,,,,,,,,,,,,,,,,,,,,,,,,128916201.1,82435754.19,1133251397.0,10.88235294,,,3.286676198,,2.023840868,,,,,,,,,,,,,,,,,,,,,,,,,,,,,,,5.909230232,,,5.0,,,,,,,1.545794129,19.13859478,2226130000.0,,,-400000.0,,,7.646009808,,1134804469.0,,-9.6,,,4.679094248,,97.97615913,,,100.0,38825.0,,,,,,,,,,,,,,,,,,,,,,,95.31117933,,,,3.59259,,,,,,,,,0.844630782,426050000.0,1243648045.0,1624919590.0,127.7849194,,,,,17.29826126,,950837988.8,,,,216759776.5,-0.6,,,,,,,,,,,,,,,,,,,,,,,,,,,,,,,4.398573339,14.27734255,18217877.09,,,14.04581254,,160318830.0,,,92000000.0,,,,,,,27295.0,,,,,,,,,,,,87.0,,,,,,,,,,,,,,,,6.0,1.704710007,,,-54793296.09,57337.54024,,1253072626.0,,,865530726.3,,,,93.17877842,,,24.0,82.84812997,8.035743545,17.96512332,,,,2.980223174,,,,,,,,,,,,,,,,,,,,,,,,,,,,,,,,,,,,,,1.79,41481.42635,1731400505.0,1755293200.0,0.22717564,19.13859478,69.07267053,95810055.87,1800000.0,-5.1,2142865200.0,950837988.8,,,,,,,,,,,,,,,,,,,,,,,,,100.0,,,,,,,,0.0,,106145.2514,,,,,,,,,,,,,,,,,,,,,,100.0,,,,,,,,67150837.99,,0.008470798,,,2.764318997,91.96425646,276793296.1,,,,171500000.0,1005586.592,0.0,2.980223174,,,,,,,,,,,,,,,,,,,,,,,,,,,,,,,,,,,,,1.79,37920.0,24.11948284,0.4,0.22717564,,,,,,3.269688774,,10.4125175,0.0,,,,,77.2195122,,,,,,,,,,,,,,,0.131379855,98.78102656,,,,,,,,,,,,,,,,,,-2.110724984,302234636.9,2243000000.0,2118972505.0,,865530726.3,0.771288453,187.9625502,216759776.5,2184700000.0,,,,,,,,,,,,,,,,,,,,,,,,,8.18,,,,,,,,27770949.72,-54793296.09,17.90189256,,,9.2875,,,,,,,,,,,,,,100.0,,,,,,,,2.216228266,-72625.69832,33.01220812,,,,,,,,,,,,,,,,,114.0142179,,,1141.911765,,,,,,,,,,,,,1215687151.0,52543575.42,45.82771867,,,128933000.0,45.63637832,,,78.68259028,,,,,,74.0,,,,,,,,,,,,,,,0.131379855,98.78102656,,,,,,,,,,,,,,,,,-23892694.85,44875.97926,541000000.0,1253072626.0,,,,95810055.87,,388000000.0,1220502793.0,,,,,0.069973099,,1.215171668,,,,,,,,,,,,,,,,,,,,,,,,,,,,,,,2.646500111,,,,,,,,,,-9424581.006,1243648045.0,57772.05409,962346368.7,,,,31300000.0,1134804469.0,,75.88051716,,,,,,,,,,,,,,0.330027165,,,,,,,,,,,,,,,,0.340817963,-9424581.006,71502793.3,3.7,,1374080000.0,,,95190.0,,,,,,,,,,,,,,,,,,,0.0,,,,,,,,,1086770950.0,-726564245.8,3.258180648,,,,,,,,,,,,,,,,,,,,,,,,,,,,,,,201117.3184,34398324.02,855480446.9,,,,,,0.8086692,,,913000000.0,,,,,,5.4,,,,,,,,,,,,,,,,,,,,,,50.0,,,,12.0,,,,,,,-16870000.0,0.850500265,32274.89055,1722600000.0,,,,,-9.4,,129.9360951,,,,,,,,2407000.0,,,,,,,,,,,,,,,,,,,,,,,,,,,,8.962260246,,,,,,,6.0,,,,18.99465002,2226130000.0,32274.89055,,,,,0.080249666,2031300000.0,1970187600.0,,1167597765.0,,,,,,,,,,,,,,,,,,,,,,0.047499999,,,,,,,,,2.756872905,9290502.793,1787709.497,,,,,,,,,,,,,,,,,,,,,,,,,,,,,,,,1277765363.0,-27664804.47,277770949.7,34.0,20.0,,,,,,,,,,,,,,,,,,,,,,,,,,,82.62496659,3413407.821,1204754190.0,,,1083843575.0,,,,,118000000.0,,,,,,80.6,70.44779972,,,,,,,,,,,,5.8,,,,,,,,,,,,,,,,,6.0,,,-98080000.0,32032.14539,0.0,2243000000.0,,,1549300000.0,,6.839054837,,1220502793.0,,,618.1584031,,0.341738485,0.0,,,898000000.0,,,,,,,,,,,,,,,,,,,100.0,,,,,,,,,,,,,,,,,,,,,29560.0,41852.40413,0.0,,0.0,,9664804.469,153400000.0,,1608483000.0,,,,,,,,,,,,,,,,,,,,,,,,,,,,,62078212.29,1.453856442,108.8956754,,,,,,,,,,,,,,,,253.0,,,,,,,,,,,,,55117318.44,,1.004976045,107089385.5,34.0,,,,33.12880959,857017000.0,,,38825.0,,,,,,,,,,,,,,,,,,,,,,,,95.31117933,,,,,,,,,,,,,1.5118891,238016759.8,1147588806.0,1483574423.0,127.7849194,,,,1005586.592,234403000.0,97.4008025,1702000000.0,21025223.0,,,,,15000000.0,,,,,,,,,,,,,,,,,,,,,,,,,,,,,,,,,,,,,,104078212.3,1472416198.0,45210.38506,,,,,9664804.469,90.56174766,,2090000000.0,,,,,,,,,,,,,,,,,,,253.0,,,,,,,,,,,,,48268156.42,10921787.71,105530726.3,,
2016,,,,,,,,,,,0.0,,,,,74.82279204,,,,,,,,,,,,,,,,,,,,,,,,,,,,,,,,,,,,14.0,,,1763608667.0,-2.37652931,,,,,,,,,,,16000000.0,,,,,,,5.0,,,,,,,,,,,,,,,,,,,,,,,,,,,,,,,,181000000.0,1630204048.0,38230.03186,0.0,,0.0,,15700000.0,37039106.15,,1181747486.0,,11.47719487,,,,,,,,,,,,,,,,,,,,,,,,,,,,131821229.1,33245810.06,1130837989.0,10.88235294,,,0.411627721,,2.465188416,,,,,,,,,,,,,,,,,,,,,,,,,,,,,,,,,,5.0,,,,,,,1.498874068,17.5074512,2261380000.0,,,700000.0,,,7.188328912,,1131843575.0,,2.4,,,0.000380736,,97.53481158,,,100.0,39969.0,,,,,,,,,,,,,,,,,,,,,,,95.31117933,,,,,,,,,,,,,0.827011649,395910000.0,1263340782.0,1633044188.0,128.2262285,,,,,19.2749779,,973658100.6,,,,208089385.5,0.4,,,,,,,,,,,,,,,,,,,,,,,,,,,,,,,4.819186561,13.27993506,-26581005.59,,,12.98608207,,168806813.0,,,98000000.0,,,,,,,,,,,,,,,,,,,,,,,,,,,,,,,,,,,6.0,,,,-59480446.93,56578.34822,,1263687151.0,,,879162011.2,,,,97.03801945,,,28.0,83.30337603,0.533392583,13.94195445,,,,2.903978461,,,,,,,,,,,,,,,,,,,,,,,,,,,,,,,,,,,,,,1.79,40786.7109,1663571457.0,1764069666.0,0.345353039,17.5074512,69.57117595,,1700000.0,-4.0,2151436661.0,982681564.2,,,,,,,,,,,,,,,,,,,,,,,,,100.0,,,,,,,,0.0,,2284916.201,,,,,,,,,,,,,,,,,,,,,,100.0,,,,,,,,71910614.53,,0.180813439,,,3.379835027,99.46660742,273720670.4,,,,162600000.0,949720.6704,0.0,2.903978461,,,,,,,,,,,,,,,,,,,,,,,,,,,,,,,,,,,,,1.79,38220.0,22.23695844,0.5,0.345353039,,,,0.121384126,,3.792146298,,10.08101966,0.0,,,,,78.29268293,,,,,,,,,,,,,,,0.131379855,98.78102656,,,,,,,,,,,,,,,,,,-1.674762693,281005586.6,2262000000.0,2050938452.0,,,0.694076039,182.0645447,243575419.0,2092300000.0,,,,,,,,,,,,,,,,,,,5.427135678,,,,,,8.2,,,,,,,,41553072.63,-59480446.93,13.85823257,,,9.25625,,,,,,,,5.056179775,,,,,,100.0,,,,,,,,3.288240495,145251.3966,35.57778138,,,,,,,,,,,,,,,,,114.141552,,,1175.558824,,,,,,,,,,,,,1164083799.0,-19955307.26,46.7946117,,,131782000.0,46.47318148,,,78.18525332,,,,,,74.0,,,,,,,,,,,,,,,0.131379855,98.78102656,,,,,,,,,,,,,,,,,-100498208.9,44124.4131,503000000.0,1259337989.0,,,,90837988.83,,436000000.0,1225384804.0,,,,,,,1.13669879,,,,,,,,,,,,,,,,,,,,,,,,,,,,,,,,,,,,,,,,,-346368.7151,1258850953.0,56593.86024,970949720.7,,,,34900000.0,1143882905.0,,77.76304156,,,,,,,,,,,,,,0.111682656,,,,,,,,,,,,,,,,0.329590042,-346368.7151,73072625.7,3.7,,1407057920.0,,,97991.0,,,,,,,,,,,,,,,,,,,,,,,,,,,,1032262570.0,-723642458.1,3.769374341,,,,,,,,,,,,,,,,,,,,,,,,,,,,,,,1340782.123,6480446.927,855463687.2,,,,,,1.328489627,,,871000000.0,,,,,,4.1,,,,,,,,,,,,,,,,,,,,,,,,,,12.0,,,,,,,-620000.0,1.222444557,31507.86832,1738000000.0,,,,,0.8,,134.4905608,,,0.121384126,,,,,2197000.0,,,,,,,,,,,,,,,,,,,,,,,,,,,,,,,,,,,6.0,,,,17.50265252,2261380000.0,31616.6817,,,,,0.07515473,2026000000.0,1985949101.0,,1226256983.0,,,,,,,,,,,,,,,,,,,,,,0.047200002,,,,,,,,,3.368421053,-1452513.966,2117318.436,,,,,,,,,,,,,,,,,,,,,,,,,,,,,,,,1236810056.0,-39268156.42,275374301.7,34.0,40.0,,,,,,,,,,,,,,,,,,,,,,,,,,,83.02205385,26078212.29,1203910615.0,,,1028776536.0,,,,,114000000.0,,,,,,82.8,,,,,,,,,,,,,0.0,,,,,,,,,,,,,,,,,6.0,,,-106470000.0,31495.68297,0.0,2262000000.0,,,1573700000.0,,2.931034483,,1168882682.0,,,700.5429208,,0.330706866,-2.76e-16,,,857000000.0,,,,,,,,,,,,,,,,,,,,,,,,,,,,,,,,,,,,,,,,30890.0,40857.76948,0.0,,0.0,,,66300000.0,,1632084800.0,,,,,,,,,,,,,,,,,,,,,,,,,,,,,72726256.98,-2.103448276,103.4778957,,,,,,,,,,,,,,,,253.0,,,,,,,,,,,,,60899441.34,,0.977404952,116374301.7,34.0,,,,35.79271777,856235000.0,,,39969.0,,,,,,,,,,,,,,,,,,,,,,,,95.31117933,,,,,,,,,,,,,1.480350852,221178770.9,1234705710.0,1528016144.0,128.2262285,,,,,225026880.0,92.49778957,1759000000.0,52267131.0,,,,,14000000.0,,,,,,,,,,,,,,,,,,,,,,,,,,,,,,,,,,,,,,101117318.4,1527597324.0,44135.94701,,,,,8770949.721,89.56675508,,2195000000.0,,,,,,,,,,,,,,,,,,,253.0,,,,,,,,,,,,,49921787.71,10089385.47,111050279.3,,
2017,,,,,,,,,,,0.0,,0.010623075,,,67.14600615,,,,,,,,,,,,,,,,,,,,,,,,,,,,,,,,,,,,14.0,,,1627623404.0,-7.204618721,,,,,,,,0.001310858,,,12000000.0,,,,,,,5.0,,,,,,,,,,,,,,,,,,,,,,,,,,,,,,,,156200000.0,1504505116.0,37914.12297,0.0,,0.0,,13900000.0,-96089385.47,,1216210807.0,,11.72063963,,,,,,,,,,,,,,,,,,,,,,,,,,,,122944134.1,-64961918.85,1027044457.0,10.88235294,,13000.0,0.344506867,,2.878088983,,,,,,,,,,,,,,,,,,,,,,,,,,,,,,,,,,5.0,,,,,,,1.488292575,26.10628567,2086102700.0,,,0.0,,,8.607594937,,1028826816.0,,2.3,,,0.014922976,,97.12191102,,,100.0,40574.0,,,,,,,,,,,,,,,,,,,,,,,95.31117933,,,,,,,,,,,,,0.774620498,544603930.3,1165420503.0,1538327625.0,128.358378,,,,,24.19127989,,996052236.9,,,,220158569.8,-17.0,,,,,,,,,,,,,,,,,,,,,,,,,,,,,,,4.620253165,19.33790857,47107300.07,,,19.00520639,,563829197.0,,,88000000.0,,,,,,,,,,,,,,,,,,,87.0,,,,,,,,,,,,,,,,6.0,,,,138268826.8,51414.76561,,1191620112.0,,,823016759.8,,,,108.06376,,,30.0,75.35659046,0.636840388,12.2536563,0.010623075,,,1.502331373,,,,,,,,,,,,,,,,,,,,,,,,,,,,,,,,,,,,,,1.79,37080.52241,1521688328.0,1661753625.0,0.10305969,26.10628567,69.06704173,,1700000.0,5.8,1785692428.0,999441340.8,,,,,,,,,,,,,,,,,,,,,,,,,100.0,,,,,,,,-21904117.96,,2178770.95,,,,,,,,,,,,,,,,,,,,,,100.0,,,,,,,,275889474.3,,0.182841069,,,5.103324122,99.36315961,265888032.0,,,,183600000.0,949720.6704,0.0,1.502331373,,,,,,,,,,,,,,,,,,,,,,,,,,,,,,,,,,,,,1.79,37080.0,16.12751992,-5.8,0.10305969,,,,0.276832802,,2.441870099,,9.736676865,0.0,,,,,,,,,,,,,,,,,,,,0.131379855,98.78102656,,,,,,,,,,,,,,,,,,-9.086755007,192178770.9,2133000000.0,1645627132.0,,,0.651664323,164.6132208,288268156.4,1669600000.0,,,,,,,,,,,,,,,,,,,8.691259724,,,,,,8.49,,,,,,,,64248297.04,138268843.8,12.25262654,,,10.01875,,,,,,,,8.098450743,,,,,,100.0,,,,,,,,5.391676123,-137804.7709,33.11956521,,,,,,,,,,,,,,,,,116.6435463,,,1193.352941,,,,,,,,,,,,,962082537.8,24837135.4,52.18614337,,,,52.18212489,,,,,,,,,,,,,,,,,,,,,,,,0.131379855,98.78102656,,,,,,,,,,,,,,,,,-140065296.9,40114.93578,344000000.0,1186296385.0,,,,102569832.4,,516000000.0,1017069388.0,,,,,,,0.280490973,,,,,,,,,9.0,,,,,,,,,,,,,,,,,,,,,,,,,,,,,,,,-26199608.94,1161785668.0,52570.61172,926536312.8,,,,33900000.0,1045508975.0,,83.87248008,,,,,,,,,,,,,,2.19201011,,,,,,,,,,,,,,,,0.532681901,-26199624.84,54917755.56,3.7,,1439420252.0,,,98101.0,,,,,,,,,,,,,,,,,,,,,,,,,,,,839138403.7,-638189944.1,2.441664891,,,,,,,,,,,,,,,,,,,,,,,,,,,,,,,3022346.369,-22132359.91,761134078.2,,,,0.000353846,,0.978635379,,,646000000.0,,,,,,4.2,,,,,,,,,,,,,,,,,,,,,,,,,,12.0,,,,,,,-46897300.0,-7.710625676,29237.84654,1658500000.0,,,,,-8.6,,137.4069626,,,0.276832802,,1.605148695,,,1640000.0,,,,,,,,,,,,,,,,,,,,,,,,,,,,,,,,,,,6.0,,,,25.53229866,2086102700.0,29369.05683,,,,,0.079699953,1841600000.0,1815157478.0,,1287709497.0,,,,,,,,,,,,,,,,,,,,,,0.048799999,,,,,,,,,5.082361206,-1308172.547,960893.8547,,,,,,,,,,,,,,,,,,,,,,,,,,,,,,,,990800668.5,-62069526.09,265910378.4,34.0,40.0,,,,,,,,,,,,,0.000372594,,,,,,,,,,,,,,75.04704833,-14681564.25,1081962212.0,,,835691476.3,,,,,100000000.0,,,,,,,,,,,,,,,,,,,14.0,,,,,,,,,,,,,,,,,6.0,,,247501200.0,28633.74742,0.0,2133000000.0,,,1473200000.0,,-8.063759962,,932737430.2,,,739.389757,,0.534879022,-3.3e-16,,,630000000.0,,,,,,,,,,,,,,,,,,,100.0,,,,,,,,,,,,,,,,,,,,,28210.0,37914.12297,0.0,,0.0,,,-172000000.0,,1677498691.0,,,,,,,,,,,,,,,,,,,,,,,,,,,,,28718130.72,3.953214586,92.73498922,,,,,,,,,,,,,,,,253.0,,,,,,,,,,,,,55055865.92,,0.776268426,104312849.2,34.0,,,0.000223897,33.12234872,,,,40574.0,,,,,,,,,,,,,,,,,,,,,,,,95.31117933,,,,,,,,,,,,,1.386570692,304248005.8,1144609211.0,1538327625.0,128.358378,,,,,238078439.0,78.27473043,1789000000.0,113891489.0,,0.001880002,,,16000000.0,,,,,,,,,,,,,,,,,,,,,,,,,,,,,,,,,,,,,,87262569.83,1504505116.0,40956.12031,,,,,7765363.128,86.33849039,,2305000000.0,,,,,,,,,,,,,,,,,,,253.0,,,,,,,,,,,,,45189944.13,6513966.48,112128491.6,,
2018,,,,,,,,,,,0.0,,0.000687142,,,58.38494482,,,,,,,,,,,,,,,,,,,,,,,,,,,,,,,,,,,,14.0,,,1522366843.0,-7.33313119,,,,,,,,0.000194323,,,8000000.0,,,,,,,5.0,,,,,,,,,,,,,,,,,,,,,,,,,,,,,,,,,1407210475.0,35977.38723,0.0,,0.0,,,-435754189.9,,1348478819.0,,10.68131174,,,,,,,,,,,,,,,,,,,,,,,,,,,,148350977.8,-419354168.8,1220930674.0,10.88235294,,,0.5552893,,2.870639113,,,,,,,,,,,,,,,,,,,,,,,,,,,,,,,,,,5.0,,,,,,,,46.27895402,2075149900.0,,,1000000.0,,,,,1235754190.0,,5.3,,,0.014638635,,97.12936089,,,100.0,40895.0,,,,,,,,,,,,,,,,,,,,,,,,,,,,,,,,,,,,0.805735531,960357668.0,1159301620.0,1436798002.0,136.7199429,,,,,40.10367578,,1048843005.0,,,,299635813.5,-14.2,,,,,,,,,,,,,,,,,,,3.0,,,,,,,,,,,,4.298613181,23.76354925,74672509.59,,,23.45068945,,962828761.0,,,69000000.0,,,,,,,,,,,,,,,,,,,87.0,,,,,,,,,,,,,,,,6.0,,,,514339720.7,50743.36471,,1185474860.0,,,,,,,136.7106503,,,32.0,69.65423801,1.260889103,9.6195622,0.000687142,,,0.788033881,,,,,,,,,,,,,,,,,,,,,,,,,,,,,,,,,,,,,,1.79,34410.33073,1284353750.0,1552077886.0,6.514233855,46.27895402,,,,36.1,1532124104.0,1145251397.0,,,,,,,,,,,,,,,,,,,,,,,,,100.0,,,,,,,,-12004254.4,,3921136.324,,,,,,,,,,,,,,,,,,,,,,100.0,,,,,,,,684044283.7,,0.330765034,,,6.198245413,98.7391109,299372397.3,,,,,,0.0,0.788033881,,,,,,,,,,,,,,,,,,,,,,,,,,,,,,,,,,,,,1.79,35180.0,3.393025448,-6.6,6.514233855,,,,0.55460548,,5.133341016,,6.306664389,0.0,,,,,,,,,,,,,,,,,,,,,,,,,,,,,,,,,,,,,,,-7.20106272,40223463.69,2122000000.0,1264399967.0,,,,171.7247879,475418994.4,1432000000.0,,,,,,,,,,,,,,,,,,,8.691259724,,,,,,9.01,,,,,,,,-47915083.47,522462440.2,9.553740649,,,10.39375,,,,,,,,8.098450743,,,,,,100.0,,,,,,,,-4.041847287,16497212.79,22.73529539,,,,,,,,,,,,,,,,,,,,1202.794118,,,,,,,,,,,,,801576504.8,77317901.07,62.61274767,,,,62.35516407,,,,,,,,,,,,,,,,,,,,,,,,,,,,,,,,,,,,,,,,,,-267724136.5,37226.2341,72000000.0,1108000824.0,,,,,,851000000.0,872645534.7,,,,,0.000497235,,0.408200623,,,,,,,,,,,,,,,,,,,,,,,,,,,,,,,,,,,,,,,,,-26173240.22,1086654305.0,51888.98398,,,,,,1124967657.0,,96.60697455,,,,,,,,,,,,,,,,,,,,,,,,,,,,,,0.693979172,-28435761.85,54495221.79,3.7,,1515709526.0,,,101100.0,,,,,,,,,,,,,,,,,,,,,,,,,,,,653225526.9,-771144739.3,5.098216293,,,,,,,,,,,,,,,,,,,1.0,,,,,,,,,,,,110222.2235,-13851821.31,919495717.1,,,,0.000355586,,1.005993837,,,468000000.0,,,,,,,,,,,,,,,,,,,,,,,,,,,,,,,,12.0,,,,,,,-46850100.0,-6.466886674,27093.7969,,,,,,7.6,,157.6858153,,,0.55460548,,1.455563187,,,1775000.0,,,,,,,,,,,,,,,,,,,,,,,,,,,,,,,,,,,6.0,,,,45.25719453,2075149900.0,28988.25921,,,,,,2212000000.0,1953109446.0,,1620670391.0,,,,,,,,,,,,,,,,,,,,,,0.051100001,,,,,,,,,6.172912959,-35498158.93,1224882.307,,,,,,,,,,,,,,,,,,,,,,,,,,,,,,,,827635964.7,51836219.8,301434956.5,34.0,40.0,,,,,,,,,,,,,0.000372594,,,,,,,,,,,,,,69.36955862,-74239166.26,1275425895.0,,,650555770.6,,,,,77000000.0,,,,,,,,,,,,,,,,,,,19.0,,,,,,,,,,,,,,,,,6.0,,,920668100.0,26571.81331,0.0,2122000000.0,,,,,-36.75777568,,800000000.0,,,782.4917472,,0.69682713,0.0,,,453000000.0,,,,,,,,,,,,,,,,,,,80.0,,,,,,,,,,,,,,,,,,,,,27510.0,35133.83059,0.0,,0.0,,,-780000000.0,,1839734281.0,,,,,,,,,,,,,,,,2.0,,,,,,,,,,,,,26059459.94,6.298953448,80.52979573,,,,,,,,,,,,,,,,253.0,31.0,,,,,,,,,,,,50958978.6,,0.610336408,94097363.3,34.0,,,0.135502867,22.89193271,,,,40895.0,,,,,,,,,,,,,,,,,,,,,,,,,,,,,,,,,,,,,1.442266601,536512663.7,1125138139.0,1471295251.0,136.7199429,,,,,324024755.5,67.48350613,2050000000.0,102366100.0,,,,,15000000.0,,,,,,,,,,,,,,,,,,,,,,,,,,,,,,,,,,,,,,,1438811589.0,37952.75428,,,,,,104.2412818,,2901000000.0,,,,,,,,,,,,,,,,,,,253.0,,,,,,,,,,,,,39437510.5,3986873.218,153078950.7,,
2019,,,,,,,,,,,0.0,,6.81e-05,,,64.9167717,,,,,,,,,,,,,,,,,,,,,,,,,,,,,,,,,,,,14.0,,,,,,,,,,,,0.052594896,,,10000000.0,,,,,,,5.0,,,,,,,,,,,,,,,,,,,,,,,,,,,,,,,,,,,,,0.0,,,,,,,10.63471505,,,,,,,,,,,,,,,,,,,,,,,,,,,,180945796.7,-140805975.5,1231433223.0,10.88235294,,,78.32514624,,1.842285957,,,,,,,,,,,,,,,,,,,,,,,,,,,,,,,,,,5.0,,,,,,,,,,,,,,,,,,,,,,0.002819902,,98.15771404,,,100.0,41608.0,,,,,,,,,,,,,,,,,,,,,,,,,,,,,,,,,,,,,,,,,,,,,,,,,,,,,,,,,,,,,,,,,,,,,,,,,,,,,,,,,,,,18.65281007,-154571174.2,,,18.37072294,,972008766.0,,,67000000.0,,,,,,,,,,,,,,,,,,,87.0,,,,,,,,,,,,,,,,6.0,,,,,,,,,,,,,,,,,33.0,75.20539373,88.48344794,11.47785845,6.81e-05,,,1.728465028,,,,,,,,,,,,,,,,,,,,,,,,,,,,,,,,,,,,,,1.79,,,,,,,,,,,,,,,,,,,,,,,,,,,,,,,,,,,,100.0,,,,,,,,834296.1229,,1263639.648,,,,,,,,,,,,,,,,,,,,,,100.0,,,,,,,,211575781.8,,,,,6.3468304,11.51655206,307899657.7,,,,,,0.0,1.728465028,,,,,,,,,,,,,,,,,,,,,,,,,,,,,,,,,,,,,1.79,,,,,,,,0.039988443,,3.778313507,,6.252876615,0.0,,,,,,,,,,,,,,,,,,,,,,,,,,,,,,,,,,,,,,,,,,,,,,,,,,,,,,,,,,,,,,,,,,,8.699403,,,,,,8.62,,,,,,,,55277704.1,36008599.16,11.44232024,,,9.825,,,,,,,,8.105520248,,,,,,100.0,,,,,,,,,10848910.11,21.78230408,,,,,,,,,,,,,,,,,,,,1223.764706,,,,,,,,,,,,,1090627247.0,-121496479.5,63.00876075,,,,62.89387124,,,,,,,,,,,,,,,,,,,,,,,,,,,,,,,,,,,,,,,,,,,,,,,,,,,,,,,,,4.37e-05,,0.077737262,,,,,,,,,,,,,,,,,,,,,,,,,,,,,,,,,,,,,,,,,,,,,,,,,,,,,,,,,,,,,,,,,,,,,,,,,,,,,,,,,0.076786649,-49773797.86,69746643.84,3.7,,,,,105200.0,,,,,,,,,,,,,,,,,,,,,,,,,,,,909681450.3,-741631475.8,3.766614938,,,,,,,,,,,,,,,,,,,,,,,,,,,,,,,48898.20112,22225784.63,922577272.5,,,,10.11466653,,0.993950398,,,708000000.0,,,,,,,,,,,,,,,,,,,,,,,,,,,,,,,,12.0,,,,,,,,,,,,,,,,,,,,0.039988443,,0.717935295,,,1952000.0,,,,,,,,,,,,,,,,,,,,,,,,,,,,,,,,,,,6.0,,,,,,,,,,,,,,,,,,,,,,,,,,,,,,,,,,,,,,,,,,,,,,6.324897594,-16710571.61,1428854.637,,,,,,,,,,,,,,,,,,,,,,,,,,,,,,,,1110600093.0,-54014064.45,308855950.0,34.0,40.0,,,,,,,,,,,,,0.000373,,,,,,,,,,,,,,74.94550569,-50832857.96,1301179866.0,,,906537854.9,,,,,77000000.0,,,,,,,,,,,,,,,,,,,14.0,,,,,,,,,,,,,,,,,6.0,,,,,,,,,,,,,,,,793.1167083,,0.077052922,0.0,,,682000000.0,,,,,,,,,,,,,,,,,,,100.0,,,,,,,,,,,,,,,,,,,,,,,,,,,,,,,,,,,,,,,,,,,,,,,,,,,,,,,,,,,19972845.98,,,,,,,,,,,,,,,,,,,,,,,,,,,,,,,48475168.93,,0.830493616,99422629.02,,,,0.000783175,21.8499568,,,,41608.0,,,,,,,,,,,,,,,,,,,,,,,,,,,,,,,,,,,,,,,,,,,,,,,,,1186707882.0,,,,,26000000.0,,,,,,,,,,,,,,,,,,,,,,,,,,,,,,,,,,,,,,,,,,,,,,,,,,,,,,,,,,,,,,,,,,,,,,,,,,,,,,,,40844124.41,7554846.374,148467893.6,,
2020,,,,,,,,,,,0.0,,,,,46.17234952,,,,,,,,,,,,,,,,,,,,,,,,,,,,,,,,,,,,14.0,,,,,,,,,,,,0.049682765,,,2000000.0,,,,,,,10.0,,,,,,,,,,,,,,,,,,,,,,,,,,,,,,,,,,,,,,,,,,,,10.11908196,,,,,,,,,,,,,,,,,,,,,,,,,,,,134001356.0,-231560276.6,757849284.0,10.88235294,,,13.65342446,,23.74672001,,,,,,,,,,,,,,,,,,,,,,,,,,,,,,,,,,5.0,,,,,,,,,,,,,,,,,,,,,,0.016830456,,76.25327999,,,100.0,42310.0,,,,,,,,,,,,,,,,,,,,,,,,,,,,,,,,,,,,,,,,,,,,,,,,,,,,,,,,,,,,,,,,,,,,,,,,,,,,,,,,,,,,32.39968815,-286294953.0,,,30.43158768,,625858893.0,,,19000000.0,,,,,,,,,,,,,,,,,,,87.0,,,,,,,,,,,,,,,,6.0,,,,,,,,,,,,,,,,,41.0,61.4922668,13.88760796,12.56297712,,,,1.673100826,,,,,,,,,,,,,,,,,,,,,,,,,,,,,,,,,,,,,,1.79,,,,,,,,,,,,,,,,,,,,,,,,,,,,,,,,,,,,100.0,,,,,,,,-14492229.74,,1949134.492,,,,,,,,,,,,,,,,,,,,,,100.0,,,,,,,,138636556.3,,,,,7.857078986,86.11239204,158928552.3,,,,,,0.0,1.673100826,,,,,,,,,,,,,,,,,,,,,,,,,,,,,,,,,,,,,1.79,,,,,,,,,,6.969128254,,2.770999517,0.0,,,,,,,,,,,,,,,,,,,,,,,,,,,,,,,,,,,,,,,,,,,,,,,,,,,,,,,,,,,,,,,,,,,8.699418,,,,,,,,,,,,,,26692627.91,-23637062.32,12.2948919,,,,,,,,,,,8.105534554,,,,,,100.0,,,,,,,,,49945654.69,11.62150836,,,,,,,,,,,,,,,,,,,,1244.411765,,,,,,,,,,,,,526289007.4,-156066181.9,69.26318785,,,,68.59298392,,,,,,,,,,,,,,,,,,,,,,,,,,,,,,,,,,,,,,,,,,,,,,,,,,,,,,,,,,,0.178657843,,,,,,,,,,,,,,,,,,,,,,,,,,,,,,,,,,,,,,,,,,,,,,,,,,,,,,,,,,,,,,,,,,,,,,,,,,,,,,,,,0.212869109,-31097614.1,46191007.12,3.7,,,,,105200.0,,,,,,,,,,,,,,,,,,,,,,,,,,,,392287651.4,-461454002.0,6.820411892,,,,,,,,,,,,,,,,,,,,,,,,,,,,,,,54652.11173,80283116.45,595455358.0,,,,0.093732291,,22.80867822,,,243000000.0,,,,,,,,,,,,,,,,,,,,,,,,,,,,,,,,12.0,,,,,,,,,,,,,,,,,,,,,,0.709701188,,,,,,,,,,,,,,,,,,,,,,,,,,,,,,,,,,,,,,6.0,,,,,,,,,,,,,,,,,,,,,,,,,,,,,,,,,,,,,,,,,,,,,,7.634801083,14348303.86,707127.4302,,,,,,,,,,,,,,,,,,,,,,,,,,,,,,,,541382400.4,-24743493.41,162393926.0,34.0,,,,,,,,,,,,,,0.000373,,,,,,,,,,,,,,59.75264166,80850398.3,804040291.1,,,381189776.9,,,,,21000000.0,,,,,,,,,,,,,,,,,,,2.7,,,,,,,,,,,,,,,,,6.0,,,,,,,,,,,,,,,,969.0380525,,0.219066533,0.0,,,234000000.0,,,,,,,,,,,,,,,,,,,,,,,,,,,,,,,,,,,,,,,,,,,,,,,,,,,,,,,,,,,,,,,,,,,,,,,,,,,,,,15093393.02,,,,,,,,,,,,,,,,,,,,,,,,,,,,,,,35539124.63,,3.181637378,75267555.93,,,,0.123620747,11.87491071,,,,42310.0,,,,,,,,,,,,,,,,,,,,,,,,,,,,,,,,,,,,,,,,,,,,,,,,,61127280.0,,,,,9000000.0,,,,,,,,,,,,,,,,,,,,,,,,,,,,,,,,,,,,,,,,,,,,,,,,,,,,,,,,,,,,,,,,,,,,,,,,,,,,,,,,31460780.15,12481170.55,150663063.1,,
2021,,,,,,,,,,,,,,,,,,,,,,,,,,,,,,,,,,,,,,,,,,,,,,,,,,,,,,,,,,,,,,,,,,,,,,,,,,,,,,,,,,,,,,,,,,,,,,,,,,,,,,,,,,,,,,,,,,,,,,,,,,,,,,,,,,,,,,,,,,,,,,,,,,,,,,,,,,,,,,,,,,,,,,,,,,,,,,,,,,,,,,,,,,,,5.0,,,,,,,,,,,,,,,,,,,,,,,,,,,,,,,,,,,,,,,,,,,,,,,,,,,,,,,,,,,,,,,,,,,,,,,,,,,,,,,,,,,,,,,,,,,,,,,,,,,,,,,,,,,,,,,,,,,,,,,,,,,,,,,,,,,,,,,,,,,,,,,,,,,,,,,,,,,,6.0,,,,,,,,,,,,,,,,,,,,,,,,,,,,,,,,,,,,,,,,,,,,,,,,,,,,,,,,,,,,,,1.79,,,,,,,,,,,,,,,,,,,,,,,,,,,,,,,,,,,,,,,,,,,,,,,,,,,,,,,,,,,,,,,,,,,,,,,,,,,,,,,,,,,,,,,,,,,,,,,,,,,,,,,,,,,,,,,,,,,,,,,,,,,,,,,,,,,,,,,,,,,,,,,,,,,,,,,,,,,,,,,,,,,,,,,,,,,,,,,,,,,,,,,,,,,,,,,,,,,,,,,,,,,,,,,8.699419975,,,,,,,,,,,,,,,,,,,,,,,,,,,8.155140877,,,,,,,,,,,,,,,,,,,,,,,,,,,,,,,,,,,,,,,,,,,,,,,,,,,,,,,,,,,,,,,,,,,,,,,,,,,,,,,,,,,,,,,,,,,,,,,,,,,,,,,,,,,,,,,,,,,,,,,,,,,,,,,,,,,,,,,,,,,,,,,,,,,,,,,,,,,,,,,,,,,,,,,,,,,,,,,,,,,,,,,,,,,,,,,,,,,,,,,,,,,,,,,,,,,,,,,,,,,,,,,,,,,,,,,,,,,,,,,,,,,,,,,,,,,,,,,,,,,,,,,,,,,,,,,,,,,,,,,,,,,,,,,,,,,,,,,,,,,,,,,,,,,12.0,,,,,,,,,,,,,,,,,,,,,,,,,,,,,,,,,,,,,,,,,,,,,,,,,,,,,,,,,,,,6.0,,,,,,,,,,,,,,,,,,,,,,,,,,,,,,,,,,,,,,,,,,,,,,,,,,,,,,,,,,,,,,,,,,,,,,,,,,,,,,,,,,,34.0,,,,,,,,,,,,,,0.726973474,,,,,,,,,,,,,,,,,,,,,,,,,,,,,,,,,,,,,,,,,,,,,,,,,,,,,,,,,,,,,,,,,,,,,,,,,,,,,,,,,,,,,,,,,,,,,,,,,,,,,,,,,,,,,,,,,,,,,,,,,,,,,,,,,,,,,,,,,,,,,,,,,,,,,,,,,,,,,,,,,,,,,,,,,,,,,,,,,,,,,,,,,,,,,,,,,,,,,,,,,,,,,,,,,,,,,,,,,,,,,,,,,,,,,,,,,,,,,,,,,,,,,,,,,,,,,,,,,,,,,,,,,,,,,,,,,,,,,,,,,,,,,,,,,,,,,,,,,,,,,,,,,,,,,,,,,,,,,,,,,,,,,,,,,,,,,,,,,,,,,
